description,length,rate
Wszystko zgodnie z opisem. Wysoki poziom obslugi. Polecam,57.0,1
Solidny i żetelny sklep polecam wszystkim 100 procęt zadowolenia,64.0,1
Profesjonalizm i szybkość działania,35.0,1
chciałbym polecić zakupy w sklepie North.Ocena sklepu mówi sama za siebie mogę tylko dodać że cenny w sklepie są na poziomie punku ""10""
"Dotychczas nie spotkałem się z tak rewelacyjnie szybkimi odpowiedziami na moje emaile. Nie dość, że szybkie to i konkretne. A realizacja zamówienia + koszty wysyłki to mistrzostwo świata. Oby tak dalej.",202.0,1
Świetny sklep z częściami do agd. Dzięki nim zreaktywowałem dwa sprzęty bez pomocy serwisu. Pomogli mi dobrać części. Jestem bardzo zadowolony.,143.0,1
Realizacja zamówienia szybka i bezproblemowa.Żadnych problemów ze zwrotem towaru.,81.0,1
"Rewelacja. Szybko, sprawnie i bez najmniejszych problemów.",58.0,1
"Wielki ogromny pozytyw. Zamówiłem szufladę do lodówki. Okazało się, że się pomyliłem. Zadzwoniłem ustaliliśmy właściwą. Za 2 dni kurier dostarczył to co trzeba i odebrał mój nietrafiony zakup !! Sklep policzył mi tylko różnicę pomiędzy szufladami !! Szacun - Mega Szacun. dla firmy i nauczka dla mnie aby jednak zadzwonić i doprecyzować zakupowany towar. Bardzo dziękuję za współpracę !",386.0,1
Sklep jest bardzo dobry. Jestem zadowolony z realizacji zamówienia. Polecam innym.,82.0,1
Polecam",93.0,1
"Jest wszystko w porządku nawet po złożeniu reklamacji.., która wyszła przez przeoczenie danych zamówienia.",106.0,1
"Dobrze zaopatrzony, super i fachowa obsługa, bardzo szybka realizacja",69.0,1
tranzakcja  pomyślnie polecam !!!,33.0,1
"Duży asortyment, błyskawiczne zakupy",36.0,1
"Godny uwagi, dobrze zaopatrzony",31.0,1
szybko profesjonalnie i sprawnie. Liczymy na dalszą współpracę,62.0,1
"3xN (na czs, na miejsce, napewno !!!!!!!   POLECAM",50.0,1
Bezproblemowa obsługa. Polecam.,31.0,1
Wysyłają numer listu przewozowego co zdecydowanie ułatwia życie.
Wszystko w jak najlepszym porządku. Polecam towar oryginalny,60.0,1
"Sklep rewelacja. Bardzo szeroki asortyment. Na North zawsze można liczyć.
"szybko, sprawnie, bez zbędnych formalności. Monitorowanie statusu przesyłki - super",83.0,1
"Super sklep, duży asortyment, wszystko odbywa się szybko i sprawnie, tak jak powinno być.",89.0,1
Najlepszy sklep z częściami AGD,31.0,1
Transakcja zrealizowana w ekspresowym tempie. Towar zgodny z opisem. Sklep w 100% godny polecenia.,98.0,1
"Dobry kontakt, szybko i przede wszystkim dobry towar!",53.0,1
"Profesjonalna obsługa, szybka dostawa. Polecam wszystkim.",57.0,1
"Produkt taki sam jak w innych sklepach, jednak cena znacznie niższa. Zapakowane w taki sposób że w nienaruszonym stanie dotarły do nas. Na pewno jeszcze zamówimy w Arosie książki",178.0,1
Bardzo szybka realizacja. Wiele ciekawych pozycji.,50.0,1
"Szybki, duży wybór, bardzo dobre ceny.",38.0,1
Ksiazki bezpiecznie zapakowane ale standaryzacja opakowan powosuje duze marnotrastwo papieru.",133.0,1
Ceny bardzo przystępne. 
Super. towar zgodny z opisem. Polecam,37.0,1
Tanio i błyskawiczna realizacja. Polecam,40.0,1
"Duży wybór, konkurencyjne ceny, błyskawiczna dostawa.",53.0,1
"Rewelacja. 
Polecam sklep aros.pl. Szybka realizacja zamówienia oraz bardzo dobre ceny.,75.0,1
"Wszystko w najlepszym porzadku, polecam!",40.0,1
"Bardzo miła profesjonalna obsługa,jestem bardzo zadowolona z zrealizowanego zlecenia.
Zakupy na Aros.pl to ZAWSZE UDANE ZAKUPY. I to pod każdym względem. Szczerze wszystkim polecam!,95.0,1
"Poprzez niepodanie adresu korespondencyjnego odmówiono mi możliwości złożenia reklamacji książki z ewidentną wadą introligatorską (wypadają z niej kartki). Uzasadnienie - uszkodzenie mechaniczne, a ""egzemplarz otrzymał Pan dobry"". Próbowałem, argumentowałem, ale postawa Arosa to w skrócie ""nie, bo nie"". Sprawa drobna, ale osad pozostał :(",340.0,-1
"Szybko i przyjemnie ;)
Wszystko poszło bardzo sprawnie i szybko. Polecam.,50.0,1
"Zamówiony towar szybko dostarczony, dobrze opakowany. Wszystko poszło sprawnie. Polecam.",88.0,1
Bardzo profesjonalne podejście do klienta.,42.0,1
"Profesjonalizm, super kontakt, Polecam :)",41.0,1
Bardzo fajny i przydatny sklep ;),33.0,1
"duży wybór, ceny przystępne, polecam",36.0,1
Jestem bardzo zadowolona z zakupów w tej aptece.,48.0,1
"Transakcja przeprowadzona sprawnie, bez żadnych zakłóceń. Zamówiony towar jest sprawny. Można polecić.",102.0,1
Bardzo szybka dostawa.",62.0,1
"Rewelacyjna obsługa,jestem zadowolona",37.0,1
Polecam sklep transakcja przebiegła szybko i sprawnie .,55.0,1
"Wszystko super, szybka realizacja zamówienia, konkurencyjne ceny.",65.0,1
"Paczka przyszła szybko, produkty bardzo dobrze zabezpieczone przed wylaniem. Polecam aptekę :)",94.0,1
"Szybka ,profesjonalna obsługa. godna polecenia",46.0,1
Polecam sklep w 100%. Szybka wysyłka :),39.0,1
"Super. Moje kolejne zakupy. Szybko, sprawnie i bezproblemowo.",61.0,1
"Dobra cena, szybka przesyłka, czego chcieć więcej",49.0,1
"dobra obsługa, szybka wysyłka, towar dobrze zapakowany i zgodny z  zamówieniem",78.0,1
Kolejny zakup i wszystko OK. Szybko i bezproblemowo.,52.0,1
Czytelna strona i łatwa obsługa. Zakupy przebiegły bez problemu.,64.0,1
"super szybka dostawa, towar b. dobrze zapakowany. b. polecam.",61.0,1
"Konkurencyjne ceny, szybka wysyłka, świetne produkty.",53.0,1
polecam! transakcja przebiegła pomy ślnie,41.0,1
"Sklep godny zaufania. Towar dobrej jakości-oryginalny, miły kontakt, szybka dostawa. Polecam!",93.0,1
"Z zakupów w tej aptece jestem bardzo zadowolona i polecam wszystkim,ponieważ moje zamówienie zostało w całości zrealizowane i bez jakichkolwiek opóźnień.",153.0,1
"profesjonalnie, szybko i niezawodnie",36.0,1
Profesjonalna obsługa. Super szybka wysylka.,44.0,1
Profesjonalna obsługa. Szybka transakcja. Buciki piękne takie jak chciałam dla córeczki. Jednak opakowanie zostało uszkodzone i otwarte najprawdopodobniej podczas transportu. Na szczęście bucika nic się nie stało.,213.0,1
Jak zwykle expresowa przesyłka. Wszystko na + !,47.0,1
Rewelavjs. Zaryzykowalam rozmiar 37 chociaż inne buty tej firmy nosze raczej 38 i są dobre. Polecam !!,102.0,1
"Błyskawiczna dostawa, Nigdzie indziej tak nie ma",48.0,1
Jeszcze nie raz skorzystam z Państwa usług SUPER,48.0,1
"Profesjonalna obsługa,polecam w 100 %",37.0,1
Profesjonalna obsługa bardzo szybka dostawa.  Polecam w 100%,60.0,1
Błyskawicznie i bez żadnych problemów.,38.0,1
"Zawsze 100% zadowolenie z profesjonalnej, szybkiej obsługi sklepu!",66.0,1
Buty piękne ( niestety za duże).
Bardzo dobrze i szybko realizowane zamówienia,45.0,1
"Szybka wysyłka, sprawna i miła obsługa. Jestem zadowolona",57.0,1
"Błyskawiczna wysyłka, zwroty bez problemu. Polecam sklep.",57.0,1
"Świetny zakup, super cena, jakość +++",37.0,1
Polecam jakość obsługi a przedewszystkim szybkość realizacji zamówienia genialna.,81.0,1
"Bardzo solidne, rzeczowe i sumenne traktowanie klienta. Jestem zadowolona  z realizacji mojego zamówienia.",106.0,1

"Szybka realizacja zamówienia, przesyłka dobrze zapakowana, towar zgodny z opisem. Polecam",89.0,1
Polecam gorąco. Profesjonalna obsługa.,38.0,1
"wysyłka ekspresowa - praktycznie z dnia na dzień, zwroty również odbywają się bez żadnych problemów, zwrot gotówki na wskazane konto. Sklep polecam jak najbardziej! Będę kupować.",178.0,1
"POLECAM, BUTY ZGODNE Z ZAMÓWIENIEM, SZYBKA PRZESYŁKA",52.0,1
"Jak zwykle wszystko bezproblemowo, szybko i zgodnie z zamówieniem",65.0,1
"Wszystko w jak najlepszym porządku, błyskawiczna dostawa w mniej niż 24 godziny od złożenia zamówienia, dobrze opakowany produkty i same buty bardzo dobre jakościowo, wygodne i zgodne z opisami i zdjęciami na stronie internetowej. To już mój kolejny zakup w Eobuwie.pl i kolejny raz jestem bardzo zadowolona, tym bardziej że trafiłam na akcję rabatową i buty były tańsze niż zwykle. Bardzo polecam.",398.0,1
Rewelacyja wspolpraca.  Zachęcam  do zakupów,44.0,1
"Super, błyskawiczna dostawa, polecam.",37.0,1
"Tranzakcja ok,wystąpił tylko problem z kodem rabatowym , nie spostrzegłem momentu jego wprowadzenia i dokonałem zakupu bez rabatu.Może trzeba poprawić przejrzystość strony. Poza tym polecam.",190.0,1
"Sklep- jak zawsze- super! Błyskawiczna przesyłka, wszystko bezproblemowo. Świetny kontakt. Produkty zgodne z opisem.  Bardzo polecam!",133.0,1
"Super szybko, jestem bardzo zadowolona.",39.0,1
Bardzo duży wybór i bardzo szybka dostawa,41.0,1
Sklep na medal pełen profesjonalizm.,36.0,1
Transakcja przebiegła szybko i bardzo profesjonalnie :),55.0,1
"Szybka realizacja, bez problemów. Super gratis w postaci łyżki do butów.",72.0,1
Duży wybór asortymentu w każdy przedziale cenowym.  Super .,59.0,1
Serdecznie polecam!  Szybka dostawa! Błyskawicznie dostałam moje buciki!,72.0,1
Profesjonalna i szybka obsługa. Towar ekstraklasa.,50.0,1
"Transakcja przebiegła pomyślnie, jestem bardzo zadowolona.",58.0,1
"Profesjonalna obsługa, bieżące informacje nt. stanu realizacji zamówienia. Przesyłka dobrze zapakowana, dotarła bez uszkodzeń, czas realizacji zamówienia b. szybki. Zamówiłam dwie torebki - wielkość, kolor zgodne z opisem produktów. Niestety jedna z torebek ma drobne zadrapanie w skórze, a kupiłam ją na prezent i zastanawiam się, czy nie złożyć reklamacji.",358.0,1
sklep bardzo dobry i duzy wybor bardzo modnego i ladnego obuwia,63.0,1
"Duży wybór, darmowa przesyłka, jestem zadowolony z zakupów",58.0,1
"Bardzo szybka wysyłka,  bezproblemowe zwroty. Miła i rzetelna pomoc telefoniczna.",81.0,1
"Towar otrzymałem bardzo szybko, zgodny z moimi oczekiwaniami.",61.0,1
"Sklep jest bardzo OK, szybka wysyłka, w razie czego szybki zwrot pieniędzy itd.",79.0,1
"W tym sklepie kupuję już .... nawet nie pamiętam który raz. Wysyłka z tego sklepu jest ekspresowa, do tej pory obuwie czy torba zawsze odzwierciedlały zdjęcie z internetu. Moim zdaniem bardzo dobry sklep bez konieczności wychodzenia z domu.",240.0,1
"Duży wybór asortymentu, ,świetna obsługa, błyskawiczna dostawa.",63.0,1
"To moje drugie zakupy w sklepie eobuwie i znów jestem bardzo zadowolona, obsługa profesjonalna, przesyłka błyskawiczna, a buty super. Polecam!!!",144.0,1
"Wysyłka błyskawiczna, produkt dobrze zapakowany, polecam.",57.0,1
Zakupy w sklepie uważam za bardzo udane.,40.0,1
"Duży wybór, towar bardzo dobrze opisany (np. W przypadku torebek ważne informacje odnośnie koloru okucia, który nie zawsze jest jednoznaczny na zdjęciu), ekspresowa wysyłka.",173.0,1
Profesjonalna obsługa w każdym calu.,36.0,1
"Dobry kontakt, szybka dostawa, buty super...",44.0,1
Bardzo dobry sklep i fachowa obsługa!! ,39.0,1
"Mój ulubiony sklep obuwniczy, bardzo szybka wysyłka i duuuży wybór.",67.0,1
"Szybka, profesjonalna obsługa. Polecam wszystkim zapracowanym:)",63.0,1
"Miła, szybka i bezproblemowa obsługa. Polecam.",46.0,1
Super sklep. zdecydowanie polecam,33.0,1
"Kolejne udane zakupy, szybka i profesjonalna obsługa.",53.0,1
"Błyskawiczna wysyłka, wszystko sprawnie i bez problemu, polecam",63.0,1
Błyskawiczna realizacja zamówienia.Informacje o stanie zamówienia na bieżąco.
"Zakupy w porządku,  szybka dostawa.",35.0,1
Jestem bardzo zadowolona z zakupów .,36.0,1
wszystko w porządku a przesyłka ekspresowa,42.0,1
Jak zwykle eobuwia to sklep na medal! Na pewno wrócę tu nie raz!,64.0,1
"Bardzo polecam sklep.
"Sklep realizuje bardzo szybko zamówienie, buty otrzymałam wg zamówienia, Polecam ten sklep wszystkim",100.0,1
Bardzo szybka realizacja zamówienia,35.0,1
"sprawne zakupy i szybka wysyłka, ewentualne zwroty bez problemów",64.0,1
Towar bardzo dobrze zapakowany i zgodny z zamówieniem. Polecam!,63.0,1
"Błyskawiczna wysyłka, informacje o tym, co się dzieje z zamówieniem. Polecam wszystkim.",87.0,1
Po raz kolejny jestem bardzo zadowolona z zakupów w sklepie Eobuwie. Polecam!,77.0,1
"Bardzo miła i profesjonalna obsługa telefoniczna. 
Zamówienie zrealizowane bardzo pozytywnie.,42.0,1
"Zamówienie zrealizowane termonowo. Jedna para obuwia odpowiadająca w 100% wymaganoim , natomiast druda para za wąska i trochę odbiegająca od oczekiwań",150.0,1
"Szybka przesyłka, dobry kontakt. Polecam",40.0,1
"SZYBKI KONTAKT  PRZEZ E-MAILA, NATOMIAST DŁUGI CZAS OCZEKIWANIA NA PACZKĘ, WYSYŁKA W 24 H A WYSLANA BYŁA POZNIEJ",112.0,1
"Transakcja dokonana sprawnie. Szeroki wybór produktów na stronie. Przesyłka dotarła dobrze zapakowana w oryginalne pudełko, w załączeniu rachunek imienny, polecam! :)",166.0,1
"Ciekawy i różnorodny asortyment w szerokim spektrum cenowym,  szybka i profesjonalna obsługa. ..polecam",103.0,1
"zakupy w tym sklepie to sama przyjemność, prosto, szybko i konkretnie",69.0,1
Markowe produkty w dobrych cenach.,34.0,1
"pierwszy raz robiłam zakupy ale napewno nie ostatni , serdecznie polecam",72.0,1
"Fantastyczny! Swietny proces zakupowy, blyskawiczna wysylka. Jestem pod duzym wrazeniem.",88.0,1
"bez zastrzeżeń, jedynie co to szkoda że niewielkie kwotowo bony promocyjne można wykorzystywać dopiero przy całkiem sporych sumach. Plus za przejrzystość strony internetowej",173.0,1
Znakomity! Jak będę szukała kolejnej pary butów to tylko na tej stronie.Szybko i profesjonalnie.No i znakomity wybór .,118.0,1
Kolejny raz udało mi sie upolowac coś na przecenie. 
"Pozytywna,duży wybór i dobre ceny. Widać ,że zależy im na klientach.",68.0,1
"łatwe korzystanie z usług, dobra wyszukiwarka
Bardzo dobry sklep. Duży wybór pięknych butów dobrej jakości.,61.0,1
"profesjonalny, szybki, dobrze zaopatrzony",41.0,1
"eobuwie to niesamowity, perfekcyjny sklep .",43.0,1
"Bardzo miła obsługa, stały kontakt e-mailowy, dbałość o klienta i ogromny wybór butów dla dzieci i dorosłych.",109.0,1
B i b czyli błyskawicznie i bezproblemowo. Oby były jeszcze okazje do zakupów; (,80.0,1
"Duży wybór asortymentu, które często można znaleźć w bardzo okazyjnych cenach. Bardzo szybka realizacja zamówień, przesyłka wliczona w cenę towaru. W przypadku problemów zakupy można zwrócić na koszt sklepu (jeszcze nigdy nie musiałem). Oby więcej takich sklepów w rożnych liniach asortymentowych.",297.0,1
"Wszystko w jak najlepszym porządku! Szybka przesyłka, towar zabezpieczony przed uszkodzeniem. Opis na aukcji zgodny ze stanem faktycznym. Pełen profesjonalizm! Dziękuję i polecam!",179.0,1
"towar dobrej jakości w dobrych cenach, realizacja zamówień szybko i sprawnie, polecam",85.0,1
"Super przyjemne zakupy. Wyczerpujące informacje o produkcie, dobre zdjęcia, ekspresowa dostawa!",95.0,1
"Bardzo szybka wysyłka, towar idealnie zabezpieczony i zgodny z opisem :)",72.0,1
Jestem bardzo zadowolona. Błyskawiczna wysyłka. Bardzo dobrze zapakowana przesyłka.,83.0,1
"Najlepszy sklep internetowy z obuwiem.Zawsze szybko,bez problemów i miło. Kiedy robię zakupy,i muszę dokonać zwrotu cały proces przebiega bez problemów.Pełen profesjonalizm.Polecam w 100%!!!",190.0,1
"bardzo sprawne zakupy, szybki termin realizacji:)",49.0,1
"Bardzo szybka wysyłka, buciki super, ceny konkurencyjne, na pewno do Was wrócę, pozdrawiam i dziękuje Anita",107.0,1
"Bardzo dobra współpraca, łatwa obsługa,",39.0,1
Polecam! Profesjonalnie i zgodnie z opisem,42.0,1
Super sklep. Bardzo duży wybór butów.,37.0,1
"Jestem bardzo zadowolona z zakupów w tym sklepie. Szybko, profesjonalnie, miło. Towar bardzo dobrze zapakowany i zabezpieczony. Polecam",135.0,1
Atrakcyjne ceny i bardzo szybka wysyłka. Polecam!,49.0,1
"Sklep bardzo fajny,butki w 100 procentach takie jak na zdjęciach.
"bardzo profesjonalna i szybka obsługa, zakupy w tym sklepie to czysta przyjemność POLECAM!!!!!",94.0,1
Jestem zszokowana tak błyskawiczną dostawą!!!! Po południu wysłałam zamówienie- buciki przyszły następnego dnia do południa!!!!!,128.0,1
"To był mój drugi zakup w tym sklepie a właśnie czekam na kolejną parę butów. Świetnie zrobiona strona internetowa, doskonały kontakt i błyskawiczna przesyłka.",158.0,1
Wszystko w jak najlepszym porzadku. Zwrot i ponowna wysylka innego rozmiaru butow bez dosatkowych kosztow. Ogromny wybor butow. Dobry kontakt.,142.0,1
"Bardzo szybka realizacja, towar został zostal wysłany w dniu zamówienia, a buciki identyczne jak na zdjęciu, są śliczne i wygodnie, zamówienia 38 i pasuje ;)",157.0,1
"Sklep super ,godny  polecenia . Błyskawiczna wysyłka, towar super i rewelacyjny kontakt .Dziękuję za udane zakupy!!!",116.0,1
"Szybka wysyłka, towar zgodny z opisem, bezproblemowy i sprawny zwrot!Polecam!",77.0,1
"Szybko, sprawnie, bezproblemowo. Towar w 100% zgodny z opisem. Moja teściowa dla której były klapki jest bardzo zadowolona. Z największą przyjemnością polecam sklep eobuwie.pl:)",177.0,1
Polecam. Szybka realizacja zamówienia. Kontakt rewelacyjny. Zero zastrzeżeń co do sklepu. Polecam!,98.0,1
"Polecam. Szybka, miła i dobra obsługa.",38.0,1
"Przesyłka dotarła błyskawicznie, buty dobrze zapakowane i zgodne z opisem. Dzięki przejrzystej stronie zakupy robi się bardzo łatwo i przyjemnie.",145.0,1
"Szybka sprawna dostawa towaru. Obuwie wysokiej jakości ,",56.0,1
Polecam zakupy w sklepie internetowym Eobuwie.,46.0,1
- kontakt / informowanie nt przesyłki zakupionego towaru",162.0,1
SZYBKO FACHOWO PROFESJONALNIE POLECAM,37.0,1
Sklep godny zaufania. Przesyłki dostarczane są bardzo szybko. Bezproblemowe zwroty i zamiany. Ceny też konkurencyjne. Szczerze polecam!,135.0,1
z wymianą nie ma problemu. Obsługa profesjonalna. Serdecznie 
"Świetna, profesjonalna obsługa, rewelacyjnie szybka realizacja zamówienia. Polecam w 100%",89.0,1
0,0.0,0
"Rewelacja, super towar w ekstra cenie, szybka dostawa. Polecam wszystkim!",73.0,1
"Sklep godny polecenia. Realizacja zamówienia bardzo szybka, wymiana towaru po stwierdzeniu, że obuwie za duże bezproblemowa.",124.0,1
Sklep-extra!!!! szybko sprawnie uczciwie To chyba wystarczy by tutaj kupować Polecam !!!!,89.0,1
"Sklep godny polecenia, wszystko zgodne z informacją zawartą na stronie sklepu",77.0,1
"Sklep godny polecenia, zamówienie zgodne z opisem, realizacja natychmiastowa.",77.0,1
"Super apteka,bardzo dobre ceny,polecam.",39.0,1
Trochę dziwne bo w momencie odbioru przesyłki na mailu pojawiła się informacja o wysyłce ze sklepu,98.0,1
"Szybka wysyłka, produkt dobrze zapakowany. Produkty w niższych cenach. Polecam!",79.0,1
"Bardzo dobry sklep ,szybka realizacja ,bardzo miła obsługa klienta, jestem bardzo zadowolona ,na pewno będę korzystała jeszcze z usług tego sklepu.",147.0,1
"bardzo szybka realizacja zamówienia, polecam",44.0,1
"Dobre zaopatrzenie, szybka realizacja zamówienia.",49.0,1
"Wszystko sprawnie, szybko i bezproblemowo.
Jeszcze nigdy mnie nie zawiódł!,31.0,1
"Realizacja zamówienia poprawna i szybka, towar zapakowany bardzo dobrze - wszystko zgodnie z moimi oczekiwaniami.
"szybko,sprawnie, zgodnie z zamówieniem.",39.0,1
"Profesjonalna i bardzo szybka realizacja zamówienia ,w poniedziałek zakupy a w środę przyjechała paczka-dodam iż płatności dokonałam online",139.0,1
"Wszystko w jak najlepszym porzadku, mega duży asortyment ceny czasami powalają na kolana. Polecam!!! Zmartwiłem się tylko gdy po ostatnim zamówieniu nie dostałem obiecanego gratisu w postaci breloczka :( no ale o tak jestem mega zadowolony :D",242.0,1
"Doskonałe,produkty, szybka realizacja zamówienia polecam wszystkim",66.0,1
"Jakość pierwsza klasa :) szybka wysyłka, towar zgodny z opisem i co ważne dobrej jakości. Polecam bardzo gorąco!!! jest to firma która widać że się rozwija!!",157.0,1
"Świetna obsługa, natychmiastowy kontakt, wysyłka już następnego dnia, pomimo liczby zamówień szybka i rzetelna odpowiedź na zapytania, kolejny raz jestem bardzo zadowolony z zakupionego towaru oraz jakości obsługi.",214.0,1
"dobre produkty dobrze opisane,dostępność rozmiarów dobra jakość POLECAM!!!",74.0,1
"Wszystko zgodne z opisem, bardzo dobry kontakt i szybka dostawa zamówionego towaru",82.0,1
Polecam serdecznie! Super jakość w mega cenie! Bardzo szybka realizacja zamówienia! POLECAM!,92.0,1
"szybka wysyłka, towar zgodny z opisem",37.0,1
"Szybko, sprawnie i bezproblemowo. Sklep godny polecenia.",56.0,1
"Dwa minusy.
"pelen profesjonalizm
"Szybka wysyłka, produkt zgodny z opisem, dobra cena.",52.0,1
Wszystko na wysokim standardzie.,32.0,1
"Obsługa klienta zawsze służąca pomocą (dostępna również w formie czatu online). Produkty są dobrze opisane, wspaniałej jakości i w 100% zgodne z opisem. Szeroki wybór produktów jest kolejną zaletą. Przesyłka jest wysyłana błyskawicznie i zawsze starannie zapakowana. Przy zakupach istnieje także możliwość wybrania atrakcyjnego gratisu. Robiłam zakupy w sklepie SFD już kilkanaście razy i zawsze byłam całkowicie zadowolona. Gorąco polecam.",440.0,1
"Bogata oferta, błyskawiczna i rzetelna realizacja zamówienia. Sklep godny polecenia!",84.0,1
"wszystko wzorowo, paczka przyszła bardzo szybko, zgodnie z zamowieniem",70.0,1
0,0.0,0
"Transakcja przebiegła ekspresowo!
"sprawny, szybki, terminowy, polecam",35.0,1
Uważam że jest ok choć małe promocje dla stałych klientów!!!,60.0,1
Przesyłka dotarła błyskawicznie , ( kurier dzwonił aby umówić dogodna godzine odbioru )towar dobrze zabezpieczony a produkty z długa data ważności i w bardzo korzystnej cenie.
Szybko i sprawnie przeprowadzona transakcja. Bardzo szybka dostawa zamówionego towaru !,87.0,1
"mega szybka wysyłka, bezroblemowo :) wielki plus!",49.0,1
"Wszystko przebiegło tak jak należy ekspresowa wysyłka, towar cały bez uszkodzeń szczerze polecam ten sklep! ;)",110.0,1
Polecam paczka dotarła w ciagu 2 dni wszystko ok :),51.0,1
"Zakup bez problemu, zgodnie z opisem i zamówieniem. Polecam.",60.0,1
"Szybka wysyłka, dobrze zapakowane produkty, wysłane to, co miało być. A nie to co u jednej z konkurencyjnych firm (mającej w nazwie skrót aminokwasów rozgałęzionych): po raz drugi zamawiam i płacę, i ta sama sytuacja: czekam na przesyłkę, a za chwilę dostaję maila, że 3/4 zamówionych produktów nie ma. W SFD wszystko przebiega sprawnie i profesjonalnie, zdecydowanie polecam!",376.0,1
Transakcja przebiegła szybko i pomyślnie. Polecam!,50.0,1
Super sklep.Szybka wysyłka i towar zgodny z zamówieniem.Polecam.,64.0,1
Sklep polecam.",158.0,1
"Wszystko w porządku, polecam na 100 % :)",40.0,1
"bardzo dobry kontakt, szybka realizacja zamówienia",50.0,1
Bardzo fajny sklep polecam każdemu :),37.0,1
0,0.0,0
Kilka lat korzystam z ich sklepu i mogę polecić za profesjonalizm.,66.0,1
Bez zastrzeżeń.Rzetelna i szybka obsługa. Polecam !,51.0,1
"Wysyłka oraz info 100% pozytyw, natomiast co do produktu za krótko spożywam:)",77.0,1
0,0.0,0
 Gorąco polecam !",59.0,1
Wszystko wpożo. Szybko sprawnie bez problemu.,45.0,1
"Paczka przyszła bardzo szybko, dokładne poinformowanie o stanie przesyłki, wszystko dobrze zabezpieczone i zapakowane. Polecam!",127.0,1
"Bardzo szybko, bezproblemowo. Polecam !",39.0,1
"W aptece Gemini zamawiam czesto,distawa w ciagu dwoch dni.Produkty zapakowane szczelnie w folie bąbelkową.Informacja o realizowaniu zamowienia podawana na @.
Bardzo polecam ! Produkty dużo tańsze niż w stacjonarnej aptece ! Naprawdę się opłaca ,86.0,1
"szybko, sprawnie, bez jakichkolwiek problemów",45.0,1
"Najlepsza internetowa apteka. Szeroki wybór produktów, świartna ceny i błyskawiczna dostawa",91.0,1
Sprzedawca godny polecenia. Wszystko w porządku.,48.0,1
"Bardzo dobra apteka, korzystne ceny. Polecam",44.0,1
Sprawna szybka wysyłka. Bez zastrzeżeń,38.0,1
Transakcja ok. Kontakt ok. Szybka realizacja.,45.0,1
Bardzo przystępne ceny. tym razem niestety przesyłka nie była błyskawiczna,74.0,1
"Było to już 17 zamówienie i za każdym razem moja opinia jest nienaganna. Szybko, sprawnie i relatywnie tanio. Kurierzy UPS bez zarzutu.",135.0,1
Apteka posiada konkurencyjne ceny.,34.0,1
super szybko.iNFORMACJA OWYSYŁCE,32.0,1
"Sklep, jak najbardziej, godny polecenia! Ceny konkurencyjne względem stacjonarnej apteki Gemini.",96.0,1
Bardzo dobra apteka z dobrymi cenami i szybką wysyłką.,54.0,1
"Bezproblemowe zakupy, szybka dostawa, doskonałe opakowanie. Sklep godny polecenia",81.0,1
Przesyłka na czas w bardzo dobrym stanie.,41.0,1
"Kupuje w tym sklepie juz dwa lata i zawsze jestem zadowolona z produktow, przesylki i oczywiscie ceny! Polecam!",111.0,1
"Duzy wybor, szybka wysylka, polecam!",36.0,1
przystępne ceny szybka realizacja zamówienia ogólnie pozytywna. PS parę produktów było jakby w jakimś kremie czy oliwce tłuste,126.0,1
Kurierem z Gdańska zdecydowanie szybko.,39.0,1
"Bardzo pozytywnie oceniam transakcje. Dobre ceny, szybka bezproblemowa dostawa.",79.0,1
Rewelacja! Szybka przesyłka! Towar zgodny z opisem.Polecam!!,60.0,1
Szybka dostawa i tańsze lekarstwa.,34.0,1
"Oby tak dalej.
"Bardzo udane zakupy. Towar dostarczony expresowo, w super cenie i porządnie zabezpieczony. Klasa!",97.0,1
wszystko dostarczone w terminie,31.0,1
Jak zwykle wszystko w porządku ,31.0,1
Jestem bardzo zadowolona z zakupów e aptece gemini szybka dostawa oraz długie daty ważności leków polecam,105.0,1
"Wszystko super, apteka godna polecenia, bogaty asortyment, przystępne ceny, szybka dostawa.",91.0,1
Polecam wszystkim, którzy używają podobnych kosmetyków, bo można je kupić w niemal hurtowej cenie.",565.0,1
Szybka realizacja zamówienia. Polecam!,38.0,1
"Wszystko zgodnie z zamówieniem przesyłka dotarła szybko, jak najbardziej polecam",80.0,1
Jako jedna z nielicznych aptek internetowych mają bardzo szeroki asortyment (lekarstw) dlatego też najczęściej robię tutaj zakupy (zapasy) lekarstw. Szczerze polecam tę aptekę - ja się jeszcze na niej nie zawiodłam ;-).,219.0,1
Jestem bardzo zadowolona z obsługi sklepu i produktów :-),57.0,1
Przesyłka szybka, wszystko zapakowane idealnie.
"Szybka i profesjonalna obsługa, wszystkie produkty zamówione bardzo dobrze zapakowane (nic nie uszkodzone). POLECAM !",117.0,1
polecam!",32.0,1
Transakcja przebiegła pomyślnie,31.0,1
"Wszystko sprawnie, terminowo, zgodnie z zamowieniem. Polecam",60.0,1
"Bardzo fajna apteka, tanio, szybka realizacja zamowien.",55.0,1
"Z oferty Gemini korzystałam już wielokrotnie, zawsze byłam zadowolona.",70.0,1
"Polecam. Szybko, sprawnie, tanio.",33.0,1
"Bardzo lubię robić zakupy w aptece gemini. W stosunku do innych aptek mają niższe ceny , także czas realizacji zamówienia jest bardzo szybki .",142.0,1
"Sklep godny polecenia, szybka transakcja.",41.0,1
"Obsługa sprawna, szybka, polecam.",33.0,1
"Obsługa błyskawiczna  nie wymagająca dodatkowych dopytywani, wszystko przejrzyste i jasne.",90.0,1
"Najlepszy sklep pod słońcem,szybka wysyłka, towar bardzo dobrze zapakowany.",75.0,1
Szybko i bardzo profesjonalnie polecam,38.0,1
"Jak zawsze sprawnie, solidnie, szybko, polecam.",47.0,1
"Jak zawsze wszystko szybko, sprawnie, a produkty oryginalne, dobrze zapakowane. Polecam.",88.0,1
ok ale długo czekałam za wysyłką,32.0,1
Ceny sa faktycznie atrakcyjne ale czekałam na przesyłkę dokładnie 8 dni od dokonania przelewu.Co zdecydowanie za długo wiec i tak musiałam kupic w innej aptece rzeczy które zamówiłam.,183.0,-1
Szeroki asortyment.  Atrakcyjne ceny.,37.0,1
"Super, godny polecenia. Szybka realizacja.",42.0,1
Sklep niewątpliwie jest konkurencyjny finansowo do stacjonarnych aptek.,71.0,1
Polecam sklep. Pełen profesjonalizm. Szybka realizacja.,55.0,1
Towar zgodny z zamówieniem - zapakowany bardzo dobrze. Czas oczekiwania na przesyłkę po wpłacie na konto mógłby być szybszy.,124.0,1
"Duży wybór leków i kosmetyków, przystępne ceny. Polecam!!!",58.0,1
"Szybka przesyłka ,tanie leki  polecam",37.0,1
Transakcja udana. Realizacja bez zastrzeżeń,43.0,1
"Wszystko OK, tylko czemu podmieniono mi niektóre towary w stałym moim koszyku na droższe?",89.0,1
"polecam, towar zgodny z opisem, szybka wysyłka.",47.0,1
"Najlepsza apteka,najniższe ceny,szybka realizacja zamówienia.",61.0,1
"Polecam aptekę, korzystne ceny i szybka dostawa to dwa największe atuty",71.0,1
Adres Panstwa dostalam od znajomego przy okazji rozmowy o leku, ktory oboje przyjmujemy. Uważam, że duzo czasu poswiecilam na ankiete i nie chcialabym byc zmuszana do oceniania ludzi. Nie czuje sie kompetentna. Za towar dziekuję. Jestem tylko klientką. Zaplacilam, nie zostalam oszukana, wiecej nic nie oczekuję.
Jestem bardzo zadowolona z tej internetowej apteki. Świetne ceny i super produkty. Gorąco Polecam!!,99.0,1
"tym razem trochę długi termin realizacji zamówienie w środę a przesyłka dostarczona we wtorek przy wyborze kuriera. 
Jedyny minus to czas oczekiwania na paczke... Nie jest tragiczny ale szybkoscia tez nie grzeszy ;-)",350.0,1
"Bardzo dobra jakosc, ceny, obsluga i zapakowanie. Troche dlugo czekalam tym razem na przesylke.",95.0,1
"Zakupiłam wyprawkę pielęgnacyjną dla mnie  córki- wszystko w naprawdę przystępnej cenie, świetnej jakości, paczka rewelacyjnie zapakowana, przesyłka dotarła szybko. Polecam!",173.0,1
"Szeroki asortyment, ceny bardzo konkurencyjne, produkty dobrze zabezpieczone na czas przesyłki, obsługa klienta na wysokim poziome. Polecam każdemu :)",150.0,1
obsługa klienta zasługuje na najwyższą notę,43.0,1
Wszystk przebiegło pomyślnie i zgodnie z oczekiwaniami. Pełna satysfakcja i zadowolenie :),90.0,1
"Zamówienie zrealizowane szybko i dokładnie, polecam.",52.0,1
Bardzo szybka realizacja zamówień.  Ceny  niskie i konkurencyjne. Zostane na dłużej,83.0,1
Szybka realizacja zamówienia. Towar zgodny z opisem. Polecam.,61.0,1
Polecam wszystko sprawnie i bardzo szybka przesyłka.,52.0,1
Transakcja przebiegła pomyślnie. Polecam.,41.0,1
"ok,bardzo dobry,szkoda,że leków na recepte nie mozna zamawiać przez internet",76.0,1
"bardzo szybka wysyłka
"To mój kolejny zakup w tym sklepie i z pewnością nie ostatni. Towar w bardzo atrakcyjnych cenach, ogromny wybór, buteleczki w przesyłce bardzo starannie zapakowane.
"Super sklep, jest w nim wszystko czego potrzebuję, obsługa przemiła, znają się na tym, co robią. A paczuszki kurier przywozi w expresowym tępie:)!!!
Polecam ją wszystkim znajomym i rodzinie i wszyscy stają się od razu jej klientami :)",391.0,1
"brak zastrzeżeń, szybka realizacja zamówienia",45.0,1
"Szybko, sprawnie i profesjonalnie, towar jak w opisie. Dobry kontakt ze sprzedającym. Serdecznie polecam!!",106.0,1
"Bardzo szybka transakcja, dostawa do domu, szeroki asortyment produktów.",72.0,1
"transakcje przebiegają bardzo sprawnie, tanie produkty, zadowolenie w 100%, polecam",83.0,1
"Profesjonalna obsługa, duży wybór produktów, świetna jakość i bardzo szybki czas realizacji zamówienia.  Moje pierwsze ale na pewno nie ostatnie zakupy. Gorąco polecam .",169.0,1
"Wszystko było w porządku. Paczka mogłaby być trochę lepiej zabezpieczona. Z kosmetykami nic się nie stało, ale ich opakowania były trochę zniszczone prze z to, że kosmetyki były luzem w paczce. Gdyby ktoś podczas pakowania ktoś włożył tam trochę folii bąbelkowej lub papieru byłoby okej. Ale rozumiem, że na tym apteka oszczędza oferując najniższe ceny na rynku! I to jest dla mnie okej :)",389.0,1
Polecam. Zamawiam w tej aptece często i jak zawsZe transakcja odbyła się bez problemów i szybko.,96.0,1
"Zamawiam w aptece regularnie i jestem bardzo zadowoloną klientką! Produkty zgodne z opisem na stronie internetowej. Paczka zabezpieczona, nic się nie zniszczyło. :)",164.0,1
Apteka ma w sprzedaży tańsze leki i suplementy niż w innych aptekach. Poprawił się czas realizacji zamówienia z 3 dni do 1 dnia. Polecam!!!,139.0,1
polecam szybko rzetelnie na czas,32.0,1
Szybka przesyłka.Towar zgodny z oczekiwaniem.,45.0,1
Zawsze udane zakupy. Polecam gorąco!!,37.0,1
"Wiarygodny, sprawny i godny polecenia",37.0,1
"Świetna apteka, bardzo dobre ceny. Przesyłka dotarła błyskawicznie. Bardzo polecam",82.0,1
sklep godny polecenia; niestety nie posada wszystkich leków i suplementów diety.,80.0,1
"Tanio, sprawnie, bezproblemowo! Śmiało polecam!",47.0,1
"Szybko, tanio i bezproblemowo...nic więcej nie można oczekiwać. Gorąco polecam.",79.0,1
"Szybko, sprawnie, świetna cena. Polecam :)",42.0,1
"Jestem zawiedziony. Obsluga telefoniczna niedostepna-mozna dzwonic caly dzien. Niestety juz zakupow  w tej aptece nie dokonam. Prosilem o zmiane adresu dostawy po dokonaniu zamowienia, powiedziano mi ze dopiero jak dostane maila z informacja ze paczka zostala wyslana wtedy apteka zacznie dzialac z firma kurierska i co ?? dostalem maila i przeslalem go obsludze apteki i nic oczywiscie paczka poszla pod niechciany adres. wiec w jaki sposob apteka wspolpracuje z firma kurierska ??",482.0,-1
Bardzo dobrze zaopatrzona. Niskie ceny,38.0,1
"Polecam - dobre ceny, szybka realizacja",39.0,1
Polecam. Niskie ceny. Szybka dostawa.,37.0,1
"Dobre ceny, szybka wysyłka. Polecam",35.0,1
"sumiennie, szybko, bez problemu",31.0,1
Bardzi dobra apteka z przystępnymi cenami i szybką realizacją.,62.0,1
Ostatni zakup 6 maja wysyłka 9 maja ( opóźnienie zamówienia) bardzo długi czas na dostarczenie przesyłki.,105.0,1
Błyskawiczna wysyłka i informacje dotyczące statusu zamówionych produktów. Polecam!!!,85.0,1
"godny polecenia, korzystne ceny",31.0,1
0,0.0,0
"ok ceny dobre ,towar zgodny z zamówieniem .poleca się.",54.0,1
Zamówienie zostało zrealizowane zgodnie ze specyfikacją sprawnie i bez żadnych negatywnych niespodzianek,104.0,1
Szybka i profesjonalna obsługa. Polecam!,40.0,1
"Udane i sprawne zakupy, towar zgodny z opisem. Polecam",54.0,1
Bardzo szybka wysylka.jestem bardzo zadowolona,46.0,1
"Jak zwykle udane zakupy, informacja o realizacji zamówienia na każdym etapie, szybka wysyłka i zero pomyłek. Polecam również ceny, bo są bezkonkurencyjne ;) Na pewno odwiedzę tę aptekę ponownie.",194.0,1
Wszystko w jak najlepszym porządku. Polecam sklep.,50.0,1
Bardzo lubię robić tu zakupy. Tanio i szybko.,45.0,1
Polecam",41.0,1
"Towar zgodny z zamówieniem, wysyłka ok.",39.0,1
"Rzetelna pomoc, mila obsluga, zainteresowanie Klientem, załatwianie spraw reklamacyjnych bez żadnego problemu.",110.0,1
"Szybka, płynna realizacja zamówienia. Polecam.",46.0,1
"Dobry, bardzo szybki i skuteczny kontakt !!! P O L E C A M !",60.0,1
Sklep poleciła mi kuzynka, która często robi tu zakupy, z których jest zawsze zadowolona.",193.0,1
Polecam",42.0,1
"polecam, wszystko co zamówiłem dotarło ;-)",42.0,1
"Wszystko w najlepszym porzadku, kazda transakcja przebiega szybko i bez jakichkolwiek komplikacji:)",99.0,1
Polecam sklep z ogromną przyjemnością.,38.0,1
"Sprzedawca godny polecenia, szybka dostawa, produkt zgodny z zamówieniem.",73.0,1
"Pełen profesjonalizm, szybka przesyłka. Dziekuje bardzo. To nie pierwsze moje zakupy w tej aptece i na pewno nie ostatnie ;)",124.0,1
"bardzo dobre ceny ekspresowa przesyłka, kupione kosmetyki starannie zapakowane",78.0,1
"bardzo fachową obsługa,paczka dostarczona w obiecanym czasie,polecam wszystkim zakupy w aptece",94.0,1
"Bardzo dobra apteka,niskie ceny,miła obsługa,szybka realizacja.Polecam.",71.0,1
Szybka realizacja zamówienia. Przesyłka dobrze zabezpieczona na czas transportu.,80.0,1
"Realizacja nastąpiła tego samego dnia, co zamówienie. Obsłużyła mnie zawsze uśmiechnięta i sympatyczna Pani. Polecam ten sklep.",127.0,1
"Super apteka- to już kolejny mój zakup w niej i na pewno nie ostatni. Bardzo konkurencyjne ceny, miła i szybka obsługa. Same pozytywy- szczerze polecam!",152.0,1
Bardzo szybka realizacja  i pełna informacja o dostawie miejsca odbioru,71.0,1
"Bardzo bobry kontakt,szybka wysyłka.Polecam",43.0,1
To dobra apteka. Opóżnienie w dostawie wynikało pewnie w związku ze Świętami.,77.0,1
"Wszystko w najlepszym porządku, leki tanie dobry wybór, szybka przesyłka dobrze zapakowana z paragonem w środku; co chcieć więcej. Ok.",134.0,1
"Szeroka oferta produktów, pełen profesjonalizm.",47.0,1
Jedynie awizo kuriera za pomocą poczty internetowej w dniu dostawy i prawie natychmiastowa dostawa stwarza obawę, że odbiorca może nie być w domu.",224.0,1
"Szybko, sprawnie i bez problemów. Polecam!",42.0,1
"Szybka, sprawna obsluga, niskie ceny, dostawa na czas, polecam zdecydowanie.",76.0,1
"Polecam, realizacja zamówienia szybka i sprawna.",48.0,1
"Jak zawsze polecam! Duży wybór, przystępne ceny i błyskawiczna dostawa.",71.0,1
"Szybko ,sprawnie . Gorąco polecam.",34.0,1
"Duży wybór towaru, sprawna i szybka obsługa, przesyłka dostarczona terminowo",76.0,1
OK . Szybka realizacja zamówienia,33.0,1
Nigdy się nie zawiodłam na tym sklepie.,39.0,1
"Wszystko jak należy, szybko, sprawnie a do tego ceny super;)",60.0,1
Szybka i sprawna realizacja zamówienia. Polecam,47.0,1
"Jestem zadowolona z zakupów w Krakvet.pl , rzetelna obsługa, szybka realizacja zleceń",85.0,1
"Raczej dobry: niektóre produkty najtańsze właśnie w tym sklepie, bywa bardzo szybki.",84.0,1
więc wybór to jedyny trud,
Jak zwykle świetna obsługa i najniższe ceny.,44.0,1
Pozdrawiam.",61.0,1
"Był to mój pierwszy zakup i na pewno nie ostatni, jestem zadowolony w 100% wszystko jak należy.  Pozdrawiam",107.0,1
"Po raz kolejny robie zakupy w tym sklepie i jak zwykle nie zawiodłam się. Konkurencyjne ceny,    szybka dostawa super obsługa. POLECAM ☺☺☺",138.0,1
"Szybka realizacja zamówienia, konkurencyjne ceny",48.0,1
za każdym zamówieniem wszystko jest zgodne z opisem i na czas,61.0,1
Jestem bardzo zadowolona.Szybko i sprawnie tak powinno być ;-),62.0,1
Wszystko  super  ! Profesjonalizm  na 100% ,43.0,1
Jesteśmy zadowoleni z zakupu. Polecam :),40.0,1
"Towar dostarczony b. szybko, Informacje na bieżąco. Obsługa w sklepie uprzejma i dobrze zorientowana na temat towarów i sprzedaży. Jestem bardzo zadowolony jako klient. 
Wszystko profesjonalnie i sprawnie,34.0,1
"Witam.
"Bardzo dobra, chętnie korzystam.",32.0,1
Szybko i  na czas. Oby tak dalej.,33.0,1
"To już moje kolejne zakupy w Empik.com - jestem bardzo zadowolona! Szybka dostawa, miła obsługa, dobrze zapakowany towar. 
"Szybko, solidnie, uprzejmie. Bardzo dziękuję, pewnie wkrótce skorzystam znowu.",78.0,1
Jestem w pełni usatysfakcjonowany.,34.0,1
Szybko i konkretnie. Nigdy nie było problemów.,46.0,1
"Kolejne zakupy, kolejne 100% zadowolenia. Produkty dobrze zabezpieczone do wysyłki. Szybkie powiadomienie o możliwości odbioru paczki z Salonu. Czego chcieć więcej. Polecam.",173.0,1
Bardzo dobra. Jestem bardzo zadowolona.,39.0,1
"Szybko i bezproblemowo, czy oczekiwania zgodny z deklarowanym",61.0,1
Zamówienie bez najmniejszych zarzutów.,38.0,1
Sklep godny polecenia. Szybko i sprawnie.,41.0,1
"Szybko, sprawnie, korzystnie i wygodnie.",40.0,1
"Pozytywne wrażenie, duży wybór, ceny przystępne, obsługa nienaganna.",68.0,1
"Cały proces zakupowy bez zastrzeżeń. Realizacja zamówienia szybka. Minus, że nie mogłam zamówić wszystkich interesujących mnie produktów, ponieważ zgodnie z polityką sklepu wymiary paczki były za duże bym mogła wybrać odbiór osobisty w sklepie. Chciałam kupić grę planszową ""Wsiąść do pociągu - Europa"".",303.0,1
Z czystym sumieniem polecam zakupy w tym sklepie.,49.0,1
"Witam,
Bardzo duży wybór rzeczy. Szybka wysyłka. Polecam sklep.,56.0,1
"Znakomicie zorganizowany, kompetentny sklep internetowy.",56.0,1
Uwielbiam ten Sklep dlatego też często robię w nim zakupy czy to przez internet czy stacjonarnie.,97.0,1
"Bardzo pozytywnie, jak zwykle. Szybka realizacja. Bardzo wygodnie.",66.0,1
Kupiłam wszystko czego potrzebowałam
"Wszystko odbyło się szybko (nawet szybciej niż zapowiadali w pierwszej wiadomości), sprawnie, w punkcie też fachowa, szybka obsługa, jakość opakowania bardzo dobra. Polecam!",173.0,1
"Szybka przesyłka,towar w dobrej cenie,kolejny udany zakup
"Wszystko ok szybko i sprawnie, towar odpowiednio zabezpieczony.",63.0,1
Nigdy jeszcze mnie nie zawiedli. Polecam,40.0,1
"zawsze znajdą się jakieś promocje, książki trudno dostępne, a jednak w empiku są! polecam gorąco ;)",99.0,1
Zawsze jestem bardzo zadowolona. Nie mam żadnych negatywnych uwag. Polecam.,75.0,1
"Towar zgodny z zamowieniem, szybka przesylka",44.0,1
"Jak dla mnie Empik to bardzo dobry sklep. Zaufany, czasem za drogi, ale za to można zredukować trochę koszty na przesyłce.",122.0,1
"Polecam, zawsze wszystko przebiega bez zarzutu.",47.0,1

"Bardzo przejrzysta oferta, łatwość wyszukiwania, bogaty wybór.",62.0,1
Wszystko prosto, gładko, bez komplikacji.
"Sklep błyskawicznie dostarcza zamówione towary - czas ten zgodny jest z informacją podaną przy zamawianiu :) Ponadto przy każdej zmianie statusu zamówienia otrzymuje maila ze stosowną informacją. Produkty są super zapakowane, nigdy nic mi się nie uszkodziło. Polecam w 100 %.",275.0,1
"Obsługa profesjonalna, oferta pełna",35.0,1
"Zamówiłam dwie książki, odebrałam je opakowane w FOLIĘ!!!  Jedna książka była poplamiona i zalana, druga miała zniszczoną okładkę i pozaginane rogi. Oddałam je jak tylko otworzyłam przesyłkę w domu. To samo w przypadku płyt z tzw serii ECO, które nie mają plastikowych pudełek, ale papierowe. Kiedyś wszystkie przesyłki ze sklepu internetowego były porządnie pakowane w tekturę i dodatkowo zabezpieczane folią bąbelkową. Wolę zapłacić kilka złotych więcej i zamówić książki czy płyty w innym sklepie, i miec pewność że dostanę je w dobrym stanie. Bo tych, które odebrałam wczoraj nie kupiłabym z półki. Szkoda, że jakość i marka EMPIKU tak się pogorszyła.",655.0,-1
"Jest sprawnie, szybko i konkretnie. Same plusy.",47.0,1
"Super! wszystkie powiadomienia na mail, odbiór bez problemu:)",61.0,1
jestem zadowolony z jakości produktu.",62.0,1
Polecam!!",175.0,1
Szybko:)miło:)sprawnie:)towar zgodny z zamówieniem:)polecam:):):),65.0,1
"Szybka realizacja zamówienia, dobry system powiadamiania o stanie transakcji, bdb kontakt mailowy. Jestem zadowolona i jak najbardziej polecam.",143.0,1
"Super, szybko, towar 1-wszak klasa",34.0,1
"Szybka, profesjonalna obsługa i dostawa.",40.0,1
Szeroki asortyment oraz bardzo szybka realizacja zamówienia POLECAM.,68.0,1
bardzo  duża oferta części zamiennych do spzętu AGD,51.0,1
"Wszystko tak jak powinno być, bardzo dobry kontakt ze sprzedającym i produkt zgodny jak najbardziej z opisem",108.0,1
"Oceniam, jako wieloletni klient sklepu (praktycznie od początku istnienia firmy), obsługę klienta na profesjonalnym poziomie. Co prawda ostatnimi czasy mniej kupuję w tym sklepie z racji zmiany profilu mojej pracy, niemniej wysoko oceniam chęć pomocy personelu w zakupie potrzebnych mi towarów.",294.0,1
Sklep ok. część zgodna z zamówieniem. Gorąco polecam.,53.0,1
dostałem po trzech dniach przesyłkę .Zmywarka działa bezproblemowo,66.0,1
"Szybka realizacja, przesyłka porządnie zapakowana. Sam produkt (mieszak Kenwood) świetnie sprawdza się w moim robocie. Polecam z czystym sumieniem.",147.0,1
"Konsultantka jak najbardziej OK. Transakcja i towar spełniające moje oczekiwania. Ogólnie bardzo dobra transakcja.
Sprawna i kompetentna obsługa chętna do pomocy. Wielokanałowa, automatyczna informacja zwrotna o realizacji dostawy. Szybka dostawa.",252.0,1
Towar zgodny z zakupem. Szybka realizacja. Polecam,50.0,1
"Sprawna obsługa sprzedaży, informacja i przesyłka. Polecam",58.0,1
"Godny polecenie sklep!Obsługa OK,bez zastrzeżeń,uzyskałam informacje, których potrzebowałam.Pieniądze przelałam w srode po 16,a już w piątek odbieralam swoje zamówienie:).Jestem megazadowolona z usług sklepu, zwłaszcza że i koszt elementu pralki (oryginalnego),jak i przesyłki tańszy niż u samego producenta:).Szczerze polecam.",327.0,1
B.dobry dostawca !!! Gorąco polecam :-),39.0,1
Transakcja przebiegła bardzo sprawnie,37.0,1
błyskawiczna realizacja. polecam!,33.0,1
wszystko było załatwione szybko i sprawnie.
"Profesjonalnie, szybko, tanio - POLECAM.",40.0,1
"Super kontakt, błyskawiczna przesyłka. Jestem bardzo zadowolona !",65.0,1
Sprawnie i w terminie. Towar zgodny z zamówieniem,49.0,1
Bardzo dobry kontakt. Super szybka odpowiedz na wszystkie pytania.,66.0,1
Sklep rzetelny. Nie miałam żadnych problemów z przesyłką.,57.0,1
zamówienie zostało zrealizowane bez zastrzeżeń. Sklep na bieżąco informuje klienta otym co się dzieje z zamówionym towarem. Należy podkreślić iż towar dotarł na miejsce w ciągu dwóch dni.,187.0,1
"To nie pierwszy mój zakup w tym sklepie. Wszystkie zawsze przebiegają tak samo: zamówienie, błyskawiczna dostawa i pelnowartosciowy towar. Świetna wyszukiwarka części AGD, ceny konkurencyjne nawet do Allegro i bardzo bogata oferta. Polecam z czystym sumieniem.",260.0,1
Sklep bardzo dobrze zaopatrzony. Jeśli czegoś gdzieś nie ma to w NORTH najprawdopodobniej będzie,96.0,1
"Wszystko przebiegło sprawnie, bez żadnych problemów. Polecam sklep North.pl",75.0,1
"Bardzo dobry sklep, bardzo szybka przesyłka i doskonały kontakt. Poprostu bardzo polecam zakupy w tym sklepie :)",112.0,1
Transakcja zrealizowana szybciej niż miała być. p Pełen profesjonalizm!,71.0,1
"Profesjonalna obsługa,książki w dobrych cenach,ciekawe promocje.Szkoda tylko,że brak wysyłki poza granicę Polski.",113.0,1
"Szybko, tanio, wygodnie. Jak zawsze pełna perfekcja.",52.0,1
Sklep na duże 5 z dużym+. Ani razu nie zawiodłem się.,53.0,1
"Uwielbiam robić tutaj książkowe zakupy. Wiem, że cena jest zawsze przystępna, a sposobów dostawy mam wiele do wyboru. Gorąco polecam!",133.0,1
Sklep godny polecenia. Błyskawiczna realizacja zamówienia :),60.0,1
Mega szybka wysyłka. Polecam każdemu.,37.0,1
Towar wysłany szybko. Zapakowany solidnie. Polecam zakupy na stronie aros.pl,76.0,1
To mój kolejny zakup w sklepie Aros.pl. Jak zawsze - błyskawiczna obsługa i niewygórowane koszty wysyłki. Polecam.,114.0,1
Wielbię ! Bezkonkurencyjni ! :-),32.0,1
Szybka i bezbłędna realizacja zamówienia.,41.0,1
"Wszystko w należytym porządku:) szybko, sprawnie, SUPER!!!",58.0,1
Super wszystko sprawnie i fajne ceny!,37.0,1
Ciekawa oferta dobre ceny.",63.0,1
"Polecam. Szybka i bezproblemowa dostawa, szeroki asortyment, konkurencyjne ceny.",80.0,1
"Szybko, tanio, dobrze :) Polecam w 100%",39.0,1
Nie zaistniał żaden problem z paczką wszystko odbyło się w terminie oraz z zachowaniem jakość przesyłki.,104.0,1
"Duży asortyment z bardzo korzystnymi cenami, a do tego szybka wysyłka. To moja ulubiona księgarnia internetowa.",111.0,1
"Szybka i sprawna obsługa, pełne zadowolenie z mojej strony.",59.0,1
Jestem zawsze zadowolona z zakupów w sklepie Bonito,51.0,1
Jestem bardzo zadowolona z zakupu w tej księgarni!,50.0,1
Jesem bardzo zadowolona z towaru jaki dostala i z szybkości prsyjacia przesylki,79.0,1
Transakcja przebiegła bardzo pomyślnie. Dostawa bardzo szybka. Polecam :),73.0,1
"Szybka wysyłka,  jakość i ceny - rewelacja. Polecam",51.0,1
"Rewelacja .wszystko zgodne z zamówieniem ,bardzo dobre ceny książek",67.0,1
jestem bardzo zadowolona z współpracy ze sklepem,48.0,1
"Bardzo dobre miejsce, ładnie, czysto",36.0,1
"Suuuper sklep internetowy, nigdy się nie zawiodłam. Szybko, tanio i sprawnie.",77.0,1
"Szybka wysylka kurierem nawet gdy zamowie zlozylem pozno, polecam",65.0,1
"10/10 Zamawiałem dwa razy, bardzo szybka dostawa, paczka w nienaruszonym stanie, wszystko jak należy. Produkty z najwyższej półki, jestem w 100% zadowolony, na pewno jeszcze coś zamówię!",186.0,1
"Paczka do odbioru w Netpunkcie już następnego dnia, do tego bardzo miła pomoc telefoniczna gdy chwilę po złożeniu zamówienia postanowiłam zmienić sposób zapłaty. Jak zwykle polecam. Tylko kolejki w punkcie przy Al. KEN spore, aż miejsc siedzących zabrakło. Piątek 18:30 15~20 min czekania.",289.0,1
zamówienie zostało zrealizowane szybciej niż się spodziewałem.,62.0,1
3 tygodnie / 15 dni roboczych grzebali się w swoim serwisie przesyłając wiadomości z jednego działu do innego. 
Zawsze kupuję w morele. Nigdy nie było problemów,48.0,1
Jeden z moich zaufanych sklepów internetowych.,46.0,1
0,0.0,0
Sklep jak najbardziej polecam :),32.0,1
Szczegółowe i szybkie info o zakupach; duży asortyment,54.0,1
Szybko i sprawnie:-) polecam :-),32.0,1
"Bezproblemowy odbiór w  punkcie odbioru. Brak jakichkolwiek zastrzeżeń co do procedur zakupu jak i jakości towaru. Jasno, klarownie OK.",135.0,1
jestem bardzo zadowolona z realizacji zam owienia,49.0,1
Godny zaufania. Jak na razie się na nim nie zawiodłem a zrealizowałem kila zakupów.,83.0,1
"Szybki i profesjonalny, konkurencyjne ceny.",43.0,1
0,0.0,0
moje kolejne zakupy w sklepie morele.net - super. polecam,57.0,1
Polecam wszystkim zakup w tym sklepie. Towar dotarł 2 dni po zakupie. Wszystko bez najmniejszego zagięcia na kartonie. Jeszcze raz polecam :),141.0,1
"szkoda tylko, że nie przysłaliście Państwo maila z informacją o tym, że produkt można odebrać.musiałam sama się dowiadywać",122.0,1
"Wszystko sprawnie, szybko. Polecam",34.0,1
- dobrze, że towar nie był uszkodzony...",307.0,-1
0,0.0,0
Drugi mój zakup w tym sklepie. Wysoka kultura i prędkość działania.,67.0,1
"Szybka, sprawna transakcja i odbiór osobisty towaru, polecam.",61.0,1
"Bardzo dobre opisy, pomoc techniczna, logistyka na www",54.0,1
"Bardzo dobry sklep internetowy. Szybko, sprawnie, bez problemów. Jestem bardziej niż bardzo zadowolony :)",105.0,1
Jestem zadowolona z zakupu monitorów. Szybka i profesjonalna realizacja zamówienia. Polecam zakupy,98.0,1
"Wszystko od początku do końca, w kontekście zakupu, było dla mnie czytelne w sklepie, za co duży plus. Brakowało trochę możliwości skorzystania z systemu transakcyjnego w celu uiszczenia opłaty, ale być może przeoczyłem tą opcję. Wszystkie założenia dotyczące wysyłki zostały dotrzymane w 100%.",294.0,1
0,0.0,0
"Szybko sprawnie i rzetelnie , polecam",37.0,1
"Przede wszystkim świetna obsługa (na KEN w Warszawie). Pracownik obsłużył mnie bardzo kompetentnie, szybko i z uśmiechem. Nic dodać nic ująć.",141.0,1
sklep idealny profesjonalna obłoga,34.0,1
"Zamówienie zrealizowane zgodnie z dyspozycją, wszystko w jak najlepszym porządku.",81.0,1
Ocena jak najbardziej pozytywna. Szybkie dostarczenie towaru do punktu odbioru. Towar zgodny z opisem. Transakcja na +.,119.0,1
bez zarzutu",70.0,1
"Bardzo dobry sklep, szybka obsługa i dostawa. Wszelkie informacje o przesyłce dostałem przez e-mail. Łatwy kontakt z obsługą sklepu.
"Sklep godny polecenia. Wszystko odbyło się w ekspresowym tempie, w miłej atmosferze i bez żadnych problemów.",108.0,1
Polecam - zawsze wszystko zgodne z zamówieniem,46.0,1
"Szybko, dziwnie troszkę skomplikowane.",38.0,1
W Morelach złozyłem zamówienie i za kilka dni odebrałem zakup jak w normalnym sklepie i to z miłą obsługa.",287.0,1
Kolejny zakup z którego jestem zadowolony,41.0,1
w Morele robiłam zakupy po raz trzeci i jestem zadowolona,57.0,1
"Bardzo szybka realizacja zamówienia, fachowa obsługa Polecam z czystym sumieniem:)",82.0,1
"jak zawsze wszystko zgodnie z zamówienie, szybko i sprawnie. Odbierałem w punkcie we Wrocławiu",94.0,1
"towar sprawnie dostarczony,  w terminie, obsługa życzliwa",57.0,1
Jest OK. zamówiłam i odebrałam w punkcie- szybka realizacja,59.0,1
"Wszystko ok, przesyłka dotarła nieuszkodzona w podanym terminie",63.0,1
Szybka przesyłka. Sprawna transakcja. Polecam. Jedyna wada to brak możliwości zapłacenia kartą.,95.0,1
"Bardzo dobry i sprawdzony sklep, jestem klientem od dawna.",58.0,1
"Wszystko w jak najlepszym porządku.
Wszystko szybko i sprawnie! Polecam,35.0,1
"Szybko, miło i przyjemnie, serdecznie polecam.",46.0,1
Bezapelacyjnie najlepsza cena w internecie oraz możliwość osobistego odbioru to dla mnie gwarancja satysfakcji.,111.0,1
"Towar zamówiłem o 13 30 ,odebrałem następnego dnia o 13.15 w punkcie odbioru w Katowicach .
Najlepszy sklep z częściami komputerowymi w PL zamówienie zostało zrealizowane szybciej niż sam sklep zapowiadał zamiast 3 dni w 2 dni mimo dość późnej godziny złożenia zamówienia napewno będę wracał do tego sklepu jeszcze raz po części do komputera i nie tylko !,263.0,1
Wszystko szybko i jak najbardziej prawidłowo.,45.0,1
"Sklep bardzo dobry, duża dostępność produktów w dobrych cenach",62.0,1
"Polecam.  Serwis super, cena atrakcyjna, odbior w terminie.",59.0,1
Szybka wysyłka i wszystko ok. Bardzo polecam!,45.0,1
Sklep na bieżąco informuje o statusie zamówienia i realizuje w wyznaczonym terminie. Jestem bardzo zadowolony z jakości usług.,126.0,1
Polecam morele - zawsze dobre ceny i duża dostępność wachlarza towaru!,70.0,1
"Ok, szybka wysyłka dobry towar.",31.0,1
Wszystko w jak najlepszym porządku. Wielki Pozytyw- bez obaw.,61.0,1
WSZYSTKO SPRAWNIE SZYBKO I BEZ ŻADNYCH PROBLEMÓW.,49.0,1
"Bardzo podoba mi sie lista produktów, oraz sposób obsługi (Netpunkty i przesyłki kurierskie).",93.0,1
godny polecenia pod każdym wzgledem,35.0,1
"Bezproblemowo, sprawnie, szybko obsłużony",41.0,1
0,0.0,0
Doskonały kontakt! Szybko i sprawnie!,37.0,1
"Szybka obsługa i realizacja zamówień, dobry towar",49.0,1
Morele.net łączy dobrą jakość produktów z relatywnie niską ceną. Profesjonalizm obsługi i krótki czas realizacji zamówienia.,124.0,1
"Odbiór w netpunkcie warszawskim - przy płatności kartą - kosztuje 2,25% płaconej kwoty. Przy zakupie części do komputera za 2000zł, nabijanie sobie 45zł za samą płatność to dość sporo.",184.0,1
"Nie polecam! Już na początku było opóźnienie w dostawie w stosunku do deklaracji terminu  przy zawieraniu umowy. Po otrzymaniu towaru (telefon komórkowy)okazało się, że nie działa ładowarka. Skorzystałam z opcji wymiany 3-dniowej i minęło już 8 dni, a telefonu dalej nie otrzymałam. Podobno wyślą za 3 dni. czyli 3-dniowa reklamacja trwa faktycznie 11 dni.Teraz żałuję, bo trzeba było od razu odstąpić od umowy i dokonać zakupu w innym solidniejszym sklepie. Ponadto regulamin sklepu jest tak sformułowany,aby wprowadzać klientów w błąd. W czasie rozmowy z infolinią dowiedziałam się, ze jeżeli w regulaminie jest mowa o terminie 24-godzinnym to oznacza on nie dobę, ale 24 godziny robocze czyli 3 dni robocze, a wiec w rzeczywistości może to być nawet okres 5 dni. Niby drobiazg, ale klient, któremu zależy na czasie zostanie ""wkręcony"", a sklep jest ""kryty"".",860.0,-1
"Zadawalająca obsługa, szybka realizacja",39.0,1
Towar zgodny z zamówieniem. Odbiór w punkcie obsługi po dwóch dniach. Bardzo dobry system informacji o stanie realizacji zlecenia. Polecam zakupy w tym sklepie internetowym. To był mój drugi zakup w sklepie.,207.0,1
"Dobry Esklep - mają dobre produkty,ale ceny trochę za wysokie w innych bywają nizsze",84.0,1
Bardzo sprawnie przeprowadzone zakupy. Serdecznie polecam,57.0,1
"Szybka przesyłka, nie było żadnych problemów!",45.0,1
Ogólnie jestem bardzo zadowolony.",131.0,1
"Bardzo pozytywnie. Zakupiłem już drugi przedmiot w tym sklepie i jestem zadowolony z zakupu. Szybko mogłem odebrać towar w punkcie w moim mieście. Bez zbędnego czekania, miła obsługa, zostałem poinformowany o gw. rozruchowej. Pełen pozytyw",239.0,1
Chyba ulubiony sklep w tej branży. Zawsze chętnie tu wracam! Polecam!,69.0,1
"Obsługa bardzo sprawna i miła. Sam towar w stanie idealnym, cena niższa niż u konkurencji - polecam zdecydowanie.",113.0,1
dziękuję",171.0,1
Bardzo dobry i konkretny sklep. A co najważniejsze dobre ceny i gratisy. Szybka realizacja i bardzo dobra komunikacja z klientem.,129.0,1
"Jestem klientem sklepu od wielu lat.Doskonała komunikacja z klientem przed zakupem. Duży parking przed punktem odbioru w Krakowie.Wszystko działa wg planu. Uprzejma, kompetentna obsługa.",186.0,1
"Bardzo szybkie i sprawne zakupy. Błyskawiczne potwierdzenie zamówienia, komunikacja mailowa i telefoniczna na najwyższym poziomie.",130.0,1
"Sklep jak najbardziej wywiązuje się w pełni ze swoich obowiązków. Miło obsługa, wszystko ok :)",94.0,1
OGÓLNIE RZECZ BIORĄC CHYBA NAJTAŃSZY SKLEP W WARSZAWIE< TRUDNO ZNALEŹĆ MIEJSCE< GDZIE MOŻNA TOWAR DOSTAĆ TANIEJ< NIEZALEŻNIE OD KATEGORII PRODUKTU> DO TEGO SOLIDNY> O JAKOŚCI MOŻE ŚWIADCZYĆ KOLEJKA PO ODBIÓR PRZED NETPUNKTEM< POMIMO DOŚĆ SZYBKIEJ OBSŁUGI DWÓCH OSÓB>,266.0,1
Kolejne zamówienie i kolejny raz wszystko OK!,45.0,1
Transakcja bez problemów.Towar zgodny z opisem.Polecam,54.0,1
"Wszystko w najlepszym porządku. Towar zgodny z opisem, szybka realizacja.",73.0,1
"Bardzo gorąco polecam, serwis niezawodny i profesjonalny. Gratuluję",67.0,1
"Super sklep, ogromny wybór artykułów, ekspresowa przesyłka i bardzo dobry kontakt ze sprzedającym. Polecam",106.0,1
"Wszystko ok, szybko i sprawnie, cena atrakcyjna, polecam!",57.0,1
"Szybko, sprawnie i profesjonalnie, świetny kontakt, towar bardzo dobrze zapakowany :)",85.0,1
Polecam sklep. Transakcja przebiegła pomyslnie,46.0,1
"Wszystko w porządku, szybka dostawa",35.0,1
Takie maile otrzymałam 4 dni z rzędu, aż postanowiłam zadzwonić na infolinie co się dzieje z moim zamówieniem.
Wszystko jak najbardziej na plus. Ogromny plus!,47.0,1
 Jestem mile zaskoczona z  kontaktu z pracownikami działu obsługi klienta. Dołożyli wszelkich starań, aby prezent, który 
"Bardzo lubię zakupy w mall.pl - mają super oferty, przesyłki nadają szybko.",75.0,1
"Absolutnie NIE polecam. Złożyłem zamówienie 10.06.2016. Poprosiłem o informację na temat produktu. Ponieważ jej nie otrzymałem zadzwoniłem sam do firmy po czym zapłaciłem za towar. Od 16.06.2017 mija już 11 dni, a ja otrzymuję tylko informację o kolejnych przesunięciach terminu wysyłki - teraz na 12.07.2016. Dodam, że towar był oznaczony jako ""Dostępny"" i objęty programem ""Gwarancji terminowej wysyłki"". Totalna porażka.",423.0,-1
"Wszystko jak najbardziejw  porzadku, ekspresowa wysylka , wysoka jakosc, POLECAM!",81.0,1
"Polecam, żadnych, szybko i bez problemów",40.0,1
"Dostawa na czas. pełna informacja o statusie zam., Towar zgodny z opisem.",73.0,1
"Współpraca na wysokim poziomie, pomocni konsultanci, szybka wysyłka. Polecam",76.0,1
B. dobry sklep. POLECAM ale radzę dokładnie weryfikować informacje o produkcie.,79.0,1
"Wszystko w porządku, nie mam żadnych zastrzeżeń. Polecam.",57.0,1
polecam",65.0,1
"Rzetelne podejście do klienta, fachowa obsługa, bardzo szybka realizacja zamówienia, wiele opcji zakupu i sposobów zapłaty za towar, wiele możliwości odbioru towaru(osobiście, poczta, kurier itp)",195.0,1
Polecam.Sprawnie i nareszcie można płacić kartą w POK.,54.0,1
Wszystko przebiegło sprawnie. Polecam,37.0,1
"Bardzo szybka wysyłka, towar wysokiej jakości. Polecam",54.0,1
"Miła obsługa towar zgodnie z opisem, szybka realizacja , ogólnie polecam",72.0,1
Bardzo szybko i bezproblemowo w dodatku taniej niż wszędzie indziej. Polecam.,77.0,1
"Wszystko w porządku, towar ok, obsługa szybka, transport gratis.
Wszystko w najlepszym porządku! Polecam w 100%!!!,49.0,1
"bardzo dobra współpraca, szybka transakcja",42.0,1
"Sklep ma bardzo przyzwoite ceny, bardzo czytelny interfejs strony internetowej  i miłą obsługę. Polecam!",104.0,1
Szybko bez żadnych zbędnych utrudnień,37.0,1
"Transakcja przebiegła pomyślnie,produkt zgodny z opisem.Okazjonalna cena.Polecam.",81.0,1
"Wszystko super- cena, czas oczekiwania na odbiór osobisty, obsługa w punkcie odbioru.",85.0,1
0,0.0,0
"Duży wybór artykułów dla dzieci i niemowląt w świetnych cenach. 
"Dzięki pełnemu profesjonalizmowi jaki prezentuje sklep, wielką przyjemnością jest robienie tu zakupów. Towar pierwsza klasa, przesyłka błyskawiczna. Bardzo dziękuję i polecam wszystkim.",185.0,1
Polecam sklep. Bardzo szybka wysyłka. Towar zgodny z opisem.,60.0,1
Wszystko się zgadza z opisem podanym na stronie ;-),51.0,1
"Wszystko ok, sklep   na  najlepszym poziomie  jesli chodzi o sprzedaż wysylkową,polecam innym  i zachęcam  do kupowania.",120.0,1
Szybka i fachowa dostawa polecam)),34.0,1
"Towar sprawnie doręczono, zgodnie z oczekiwaniami. Polecam",58.0,1
"Same superlatywy. Najlepsza cena. Szybka i tania dostawa. Towar działa bez zarzutu... Aż szkoda, że nie planuję na razie innych zakupów. Jakby co to w każdym razie wiem, gdzie szukać!",183.0,1
"Strona jest bardzo przejrzysta, opisy jasne i ceny odpowiednio widoczne. Produkty znajdujace sie na stronie sa oryginalne i nizsze niz na innych stronach. Wielkim plusem jest blyskawiczna wysylka. Paczke otrzymalam dzien wczesniej niz zapowiadana data, a ze byl to prezent urodzinowy to bylo to dla mnie bardzo wazne. Za przesylke nic nie zaplacilam.",350.0,1
Bardzo szybka dostawa towaru w promocyjnej cenie.,49.0,1
Towar zgodny z opisem szybko dostarczony:)",73.0,1
"Bardzo doby kontakt z ze sprzedającym, towar zgodny z opisem, a zdjęcia dobrze oddają jakośc produktu.",102.0,1
"Wszystko w porządku. Odbiór osobisty, więc oszczędność na przesyłce.",68.0,1
"transakcja z realizacją bardzo sprawna, potknięcie firmy dotyczyło zamówionego towaru, patelnia na stronie internetowej była z pokrywką, a otrzymałam bez pokrywki, okazało się, że to co na stronie jest nieaktualne, musiałam zgłosić reklamację",242.0,1
Bardzo sprawna i sympatyczna obsługa,36.0,1
"Dziękuje bardzo za przesyłkę, dostawa bardzo szybka. Serdecznie polecam;)",73.0,1
"duży asortyment, bardzo atrakcyjne ceny",39.0,1
"100% pozytywnie. Szybka przesyłka, informacje na bieżąco. Polecam! :)",69.0,1
Wszystko ok Szybka przesyłka Polecam!!!,39.0,1
dokonałam zakupu karmy dla psa Royal Canin Sterilised. Po pierwsze cena znacznie niższa niż w innych sklepach. Dostawa bardzo szybka. Polecam,141.0,1
sklep jest ok tylko firma kurierska nie dowiozła towaru na czas i musiałem osobiście odbierać.,94.0,1
"wszystko szybko i sprawnie ,polecam",35.0,1
Polecam. Szybko i bez żadnych problemów.,40.0,1
"Szybka wysyła, bardzo dobry kontakt :) Polecam :)",49.0,1
0,0.0,0
Wszytko przebiegło bardzo sprawnie i bez problemów. Na wysyłkę nie musiałam długo czekać więc sklep ten oceniam jak najbardziej pozytywnie.,139.0,1
"szybka obsługa , błyskawiczna wysyłka.
Gorąco Polecam !!!",145.0,1
"Bardzo dobry kontakt, błyskawiczna wysyłka, konkurencyjne ceny. Polecam sklep szkla.com.",88.0,1
"wszystko w jak najlepszym porządku. Szybko, miło i bezproblemowo :)",67.0,1
"Szybko, łatwo i profesjonalnie.",31.0,1
"Profesjonalna obsługa, szybko zrealizowane zamówienie. Wszystko w jak najlepszym porządku. Polecam każdemu",106.0,1
Jestem bardzo zadowolona. Szybka i sprawna przesyłka oraz bardzo miła obsługa.,78.0,1
"Jak zwykle bezproblemowo, błyskawiczna wysyłka, polecam.",56.0,1
"Pełen profesjonalizm,błyskawiczna dostawa,nie obawiajcie się wpłacać na konto,całkowicie bezpiecznie z gwarancją otrzymania przesyłki.Kontakt telefoniczny również bez zarzutu,Panie bardzo miłe i pomocne.Polecam.",211.0,1
"bardzo szybka realizacja zamówienia, wszystko prawidłowo, polecam!",66.0,1
"Bardzo szybka realizacja zamówienia i błyskawiczna wysyłka. Na soczewki, które zamówiłam, w innych sklepach musiałam czekać zwykle miesiąc - tutaj znacznie krócej. Jak najbardziej polecam.",188.0,1
generalnie spoko skloep. zamawialam juz kilka razy i zawsze bylo ok. ostatnio jedynie musialam poczekac dluzej bo nie mieli takich soczewek jakie potrzebowalam.,160.0,1
"Wszytstko sprawnie, szybko poza tym, że w paczce miał byc gratisowy mały płym a dołączony do soczewek, a go nie było;/",118.0,1
goraco polecam!",85.0,1
"Pełen profesjonalizm, jestem bardzo zadowolona i następnym razem też złożę zamówienie w tym sklepie.",100.0,1
"Sprawna obsługa, szybka dostawa. Jak najbardziej jestem zadowolona. I są bardzo korzystne ceny.",95.0,1
"bardzo dobry sklep, super towar, fachowa obsługa",48.0,1
szybka profesjonalna obsługa klienta,36.0,1
"Transakcja została przeprowadzona wzorcowo.Zamówiłam towar  odbiorem w sklepie. Byłam na bieżąco informowana smsowo i mailowo o postępie w realizacji mojego zamówienia.
Świetny sklep pod każdym względem - szybka realizacja :),56.0,1
"Przekonałem się, że warto kupować w Tej Firmie i takim kanałem.Jeszcze gdyby ekipa odbierała za darmo stary sprzęt to już byłby luksus.",135.0,1
0,0.0,0
Wszystko w najlepszym porządku.,31.0,1
"Beznadzieja!. Tak jedynie mogę określić ten sklep. Wyszykujesz towar z promocji w danym markecie, dzwonisz na infolinię, oby się dowiedzieć czy jest dostępny, tam oczywiście potwierdzają, ale do samego sklepu telefonować nie można. Przyjeżdżasz na miejsce a tam widnieje w systemie jedna sztuka, ale po reklamacji i sprzedać Ci nie mogą. Miałem tak dwa razy w dwóch różnych sklepach. I kto zapłaci mi za paliwo i czas?",418.0,-1
Transakcja przebiegła wzorcowo. Polecam.,40.0,1
Kupilem druga za mrazarkę tego typu .Trzeba trochę czekac ale wszystko ok,73.0,1
"Uważam, że sklep jest profesjonalny oraz szybkość realizacji zamówienia bardzo sprawna. Polecam",95.0,1
To już mój drugi zakup w tym sklepie i wszystko poszło jak po maśle :) Polecam gorąco.,86.0,1
"Szybko, sprawnie i sympatycznie.Polecam :)",42.0,1
"Duży wybór produktóe w bardzo przystępnych cenach,atrakcyjne rabaty, możliwość odbioru zamówionego towaru w sklepie w miejscu zamieszkania.",139.0,1
Solidnie i terminowo. Polecam sklep,35.0,1
Zamówienie zostało zrealizowane zgodnie z planem. Sprawnie. Pracownicy sklepu wnieśli lodówkę na III p. i ustawili we wskazanym miejscu. Wszystko zgodnie z tym co ustaliłem z konsultantem sklepu internetowego. Polecam.,218.0,1
NIGDY WIĘCEJ WOJNY I ZAKUPÓW W eURORTVAGD
"Transakcja szybka  i sprawna, sklep godny polecenia, dobry kontakt i miła obsługa.",82.0,1
Wszystko w jak najlepszym porządku. Polecam.,44.0,1
"Mały poślizg w dostępności. Zależało nam na szybkim terminie dostawy w odpowiednich godzinach. Wybraliśmy odpowiednie opcje przy zamówieniu , a potem okazało się ze dostawa przedłuży się o 4 dodatkowe dni. Sama dostawa ok, szybko sprawnie i bardzo profesjonalnie, nie ma się czego doczepić. Ogólnie polecam.",307.0,1
Euro RTV Galeria Kazimierz Kraków,33.0,1
"Sklep, który spełnia potrzeby klienta. Po raz kolejny zostałam obsłużona profesjonalnie i zgodnie z moimi oczekiwaniami. ",121.0,1
"Miła obsługa,szybka i fachowa pomoc, sprzęt bez zastrzeżeń...",61.0,1
Sklep RTV Euro AGD jest bardzo dobrym sklepem. Miła obsługa, pachowe porady i atrakcyjne ceny to podstawowe PLUSY sklepu.
"Pełen profesionalizm,szybka i fachowa obsługa ",46.0,1
"Fachowa obsługa, szybka i terminowa realizacja przesyłki.",57.0,1
Generalnie jestem bardzo zadowolony z tej placówki handlowej oraz wogóle takiej formy zakupów.,94.0,1
polecam ten sklep. Perfekcyjna i szybka obsługa. A co najważniejsze możliwość odbioru towaru w jednym z wielu sklepów EuroAGD,125.0,1
"Nie polecam.Ostatnio po zwrocie towaru oczekiwałam około 3 tygodniu na zwrot pieniędzy. Skusiłam się ponownie na zamówienie towaru w merlinie ale żałuję,bo mimo informacji przy złożeniu zamówienia,że towar będzie wysłany 20.XII to 21.XII poinformowano mnie,że jednak wyślą 23.XII i za pośrednictwem Ruchu nie otrzymam (przez ich 3dniowe opóźnienie) towaru przed świętami.Na moje zapytania mailowe nie udzielano informacji. Na infolinii zaproponowano mi pośrednictwo UPS,które miało zapewnić dostarczenie towaru 23.XII a okazało się,że kurier dzwonił z ulicy o tej samej nazwie...ale sąsiadującej miejscowości i nie mógł poza swój teren wyjechać by mi ten towar dostarczyć. Koniec końców nie otrzymałam i nie otrzymam przesyłki przed świętami choć zamówienie złożyłam 19.XII.",774.0,-1
"Sklepu nie polecam - kupiłam odżywkę do włosów, na potwierdzenie zamówienia czekałam kilka dni, w końcu przyszła wyczekiwana przesyłka - odżywka inna niż zamawiałam. Odesłałam jako zwrot, zwrócili ale kwotę mniejszą niż przeze mnie zapłacona i bez kosztów przesyłki za zwrotne przesłanie im produktu niewłaściwego (mimo, iż w dokumencie zwrotu nadmieniałam, iż proszę o zwrot tych kosztów). Po interwencji w biurze obsługi powiedziano mi, że zwrot kosztów przesyłki prześlą (musiałam się upominać dwukrotnie), a różnica w kwocie zapłaconej i zwróconej (czyli to, czego mi nie oddali) przesunęli na moją nadwyżkę na koncie w sklepie i mam ją do wykorzystania przy następnych zakupach. Dla mnie skandal - nie mam zamiaru już korzystać z usług tego sklepu, więc po co mi nadwyżka u nich, chcę zwrot całej zapłaconej przeze mnie kwoty. Po wysłaniu mailem kategorycznego żądania pełnej zapłaconej kwoty dostałam przelew na kwotę właściwą. W sumie na towar czekałam długo (potem ten sam produkt zamówiłam w mniej znanym niż duży merlin sklepie i dostałam go dosłownie w ciągu 2 dni kurierem), w końcu gdy towar doszedł to inny niż zamawiałam, a zwrotne odzyskanie pełnych poniesionych kosztów kosztowało mnie korespondowanie ze sklepem przez ponad tydzień. Nie polecam !!!",1266.0,-1
Polecam. Towar zgodny z opisem.,31.0,1
3. Miła obsługa",341.0,1
0,0.0,0
Jestem zadowolona z szybkości realizacji zamówienia. Na pewno skotrzystam ze sklepu merlin.pl przy wyborze innych rzeczy.,121.0,1
"towar i jakość ok 
"transakcja  przebiekła szybko i sprawnie ,jestem zadowolona z dokonanego zakupu, polecam",88.0,1
"Polecam wszystkim,pełny profesjonalizm.",39.0,1
"Zamowiona ksiazka dotarla o czasie, swietna obsluga, pozdrawiam",63.0,1
W dniu dzisiejszym równo po czterech tygodniach otrzymuję informację wygenerowaną automatycznie że brak klocków u dostawców i zamówienie zostaje anulowane - sądze że takowych klocków nie było po prostu od samego początku zamówienia. W ten sposób nie powinien zachowywać się sklep z wieloletnią renomą - odradzam dokonywania zakupów prezentów dla bliskich bo można się nie doczekać.",783.0,-1
Szybko profesjonalnie Polecam!!!,32.0,1
"Szybka realizacja, bardzo dobrze zapakowany towar. Polecam",58.0,1
Zamówione produkty otrzymałam bardzo dokładnie zapakowane przed ewentualnym uszkodzeniem. Pani na infolinii pomogła rozwiać wszelkie wątpliwości i doradziła w zakupach. Troszkę długo czekałam za zamówieniem około tyg. ale pewnie dlatego gdyż zamówiłam z 10 pozycji na paragonie. Wszystko inne na plus,300.0,1
"Bardzo dobry kontakt, szybka dostawa,polecam!",45.0,1
"Bardzo sprawnie działająca infolinia i szybka realizacja zamówienia, natomiast mam zastrzeżenia do prezentacji produktów i kompletowania zamówienia. Kupiłem chlebak i kosz na śmieci. Najpierw wysłano mi chlebak i tylko część kosza na śmieci. Po zgłoszeniu sprawdzono nagrania monitoringu magazynu i dosłano brakującą pokrywkę. Jak się okazało w sklepie było wystawione zdjęcie przekłamujące faktyczny wygląd produktu. Otrzymałem przezroczystą pokrywkę, na zdjęciu była szara. Zaproponowano mi skorzystanie z darmowego odesłania towaru.",535.0,1
"Bezproblemowe zakupy, towar solidny i zgodny z opisem na stronie.",65.0,1
Bardzo szybko wysyłają towar. Jest on zgodny z opisem i bardzo dobrze zapakowany do transportu,94.0,1
"Jestem zadowolona z przebiegu zakupów. Pierwszy raz robiłam zakupy w sklepie ""Garneczki""",88.0,1
Bardzo dobra obsługa i jakość produktów.,40.0,1
"Szybka przesyłka, produkty zgodnie z oczekiwaniem",49.0,1
Rewelacyjny sklep internetowy. Gorąco wszystkim polecam!,56.0,1
"Świetny sklep,  polecam serdecznie",34.0,1
"Fajne produkty, duży wybór i ceny w sam raz. Polecam.",53.0,1
0,0.0,0
0,0.0,0
Szybko i sprawnie zrealizowane zamówienie. Reklamacja uszkodzonego w transporcie towaru rozpatrzona została w tempie ekspresowym. Polecam!,138.0,1
"Już kolejny raz zrobiłam zakupy w tym sklepie i po raz kolejny jestem bardzo zadowolona z obsługi (bardzo dobry kontakt ze sklepem, miła i kompetentna obsługa klienta oraz szybka realizacja zmówienia) oraz z jakości otrzymanego towaru. Dlatego nadal będę robiła tam zakupy.",273.0,1
"Świetny kontakt, szybka , bardzo dobrze  zabezpieczona przesyłka to zalety tego sklepu.",87.0,1
"przesyłka w porządku, bardzo szybka realizacja zamówienia, kontakt ze sklepem również bez zastrzeżeń, polecam",109.0,1
"Szybka i profesjonalna obsługa, serdecznie polecam tego sprzedawcę.",67.0,1
"Polecam sklep, sama jeszcze będę tu robiła zakupy",49.0,1
"Bardzo dobra, przesyłka zapakowana idealnie, moje ""szkło"" dotarło w całości :)",78.0,1
Kolejny zakup w sklepie i kolejny szybki towar w moim domu.Poleciłam znajomej,77.0,1
"dzięki za super ekspres w realizacji, sobotnia kawka z kawiarki - boska",71.0,1
"Bardzo szybka realizacja, jestem zadowolona",43.0,1
0,0.0,0
"Zakupy bez zarzutu. Towar zgodny z opisem, bardzo dobrze zapakowany. Polecam z czystym sumieniem.",97.0,1
"Szybka i sprawna oraz bezproblemowa  realizacja zamówienia,",59.0,1
"Bardzo dobra komunikacja, zgodnosc z opisem i szybka dostawa.",61.0,1
Szybka dostawa jestem zadowolona z produktów z tej strony,57.0,1
"Świetny sklep, rewelacyjne podejście do klienta, polecam!",57.0,1
Mimo opóźnienia z mojej strony przesyłka czekała. Dogodne godziny odbioru i miła obsługa.,89.0,1
Bardzo polecam ten sklep internetowy. Szybko zrealizowana dostawa i dobre śledzenie przesyłki.,94.0,1
"Bardzo udany zakup! Zamówiłam książkę w sobotę, a w poniedziałek o 12 książka była już do odebrania w księgarni. Cena książki mniejsza niż w innych księgarniach. Polecam",169.0,1
"Świetna obsługa, szybka dostawa i ekstra ceny. Polecam",54.0,1
"Szybko,profesjonalnie, w dobrej cenie.Polecam",45.0,1
Towar solidnie i bezpiecznie zapakowany.
"szybko,atrakcyjne ceny, szczerze polecam",40.0,1
"Transakcja przebiegła pomyślnie, polecam.",41.0,1
"Rewelacja, miła i profesjonalna obsługa. Polecam",48.0,1
"Kolejna udana transakcja, kolejny zadowolony klient. Bardzo porządny sklep. Bez zarzutu i jak najbardziej do polecenia.",119.0,1
super towary i blyskawiczna wysylka,35.0,1
"Świetny sklep, miła obsługa. I nowości są na czas. Gorąco polecam.",66.0,1
"Bardzo gorąco polecam !
Wszystko w porządku. Szybko i tanio.,36.0,1
"Bardzo dobrze przeprowadzona transakcja, ekspresowa dostawa, miła obsługa w szczecińskiej księgarni, sprzedawcy bardzo profesjonalni. POLECAM KAŻDEMU, sam pewnie jeszcze niejednokrotnie skorzystam z Waszych usług!!!",215.0,1
szybka realizacja zamówienia. Bardzo niska cena dzięki promocji. Bez zastrzeżeń,79.0,1
Transakcja na najwyższym poziomie. Ogromny atut to błyskawiczna wysyłka. Polecam,80.0,1
"Całkiem dobrze zbudowany serwis internetowy, łatwy w obsłudze. Sklep oferuje często ciekawe promocje.",101.0,1
"Profesjonalna obsługa, łatwość w obsłudze programu, fajne opcje z obróbką zdjęć. Wszystko ok. Na pewno skorzystam jeszcze nie raz.",130.0,1
"Wszystko ok, fotoobrazy b. Ładne",32.0,1
Składałam kolejne zamówienie i ponownie się nie zawiodłam. Wszystko OK,70.0,1
"Zamówiłam kalendarze A3 ze zdjęciami, bardzo łatwo wykonuje się samodzielnie projekt, sposób zamawiania również jest prosty, przesyłka błyskawiczna, jakość świetna. Zdecydowanie polecam!",186.0,1
Profesjonalizm w obsłudze klienta - w najwyższym stopniu.,57.0,1
Wysyłka super ekstra to się nie zmieniło. Tak samo kontakt. Mam nadzieje że moja ocena pomoże w rozwoju. Ponieważ lubię Państwa usługi",853.0,1
"Obsługa systemu nieprzystosowana do większych zamówień dla zawodowców, trudny, niezrozumiały system obsługi z autorskimi ""kodami"", szczególnie za pierwszym razem całkowicie niezrozumiały i zniechęcający. Potrzebowałem zamówić 300 odbitek 15 x 21, nie było gotowego pakietu z ""kodami"" w takiej ilości, żeby złożyć zamówienie musiałem obejść cały system dokładnie 15 razy, za każdym razem ustawiać parametry odbitek i uważać, żeby się w niczym nie pomylić, zajęło mi to jakieś 2 godziny, po czym okazało się, że źle, że ""kody"" trzeba było kupić na początku. Musiałem obchodzić system kolejne 15 razy, wpisywać idiotyczne kody, skończyłem o 5:25 rano! Klient chce zamówić towar, zapłacić i koniec. Nie obchodzą mnie żadne kody! Rozdzielczość odbitek cudowna, papier cudowny, towar zabezpieczony cudownie!",801.0,1
"Rewelacja. Świetna jakość książek, super edytor do tworzenia swoich albumów. Elegancki prezent. Bardzo polecam firmę UwolnijKolory.",131.0,1
0,0.0,0
Bardzo polecam! Błyskawiczna realizacja i super wykonanie :),60.0,1
Jestem bardzo zadowolona za jakości oraz szybkości dostawy. Jak najbardziej polecam. Skorzystam ponownie.,105.0,1
"super jakosc ,szybka realizacja,",32.0,1
"Jestem zadowolona z uslugi. przebieg zamowienia sprawny, szybko, bezproblemowo. oczywiscie polecam",98.0,1
Transakcja przebiegła pomyślnie . Polecam.,42.0,1
"Bardzo się cieszę, że znalazłam tą firmę. Fotoksiążka była rewelacyjna. pozdrawiam.",83.0,1
Poza tym wszystko dobrze.",336.0,1
"Jestem bardzo zadowolona z zakupów! Produkt w dobrej cenie, błyskawiczna i do tego darmowa przesyłka, wszystko zgodnie z oczekiwaniami. Polecam!",144.0,1
"NAJGORSZY SKLEP INTERNETOWY!!! Zamówiłam telewizor, który nie dotarł w umówionym terminie. Każdorazowa rozmowa telefoniczna kończyła się fiaskiem, żaden konsultant nie potrafił odpowiedzieć co się stało. Za każdym razem otrzymywałam inną odpowiedź. Do tej pory sprawa nie wyjaśniona, produktu brak. Odradzam korzystanie ze sklepu ""Ole Ole""",339.0,-1
"Bardzo dobry sklep ,szybka dostawa  i profesjonalna obsługa,Polecam!!",69.0,1
To mój trzeci zakup w Ole. Sklep godny polecenia.,49.0,1
"Wysyłka bardzo szybka, faktura na maila bez przypominania, wszystko spoko.",74.0,1
Polecam wszystkim niezdecydowanym,33.0,1
Transakcja przebiegla pomyślnie. Polecam,40.0,1
"Profesjonalna i błyskawiczna dostawa. Bardzo dobry kontakt, polecam.",68.0,1
"SZYBKA WYSYŁKA, SPRAWNY TOWAR, ESTETYCZNA I PRZEJRZYSTA STRONA,",63.0,1
"Witam, odradzam kupującym usługi tego sklepu. Chciałem skorzystać z akcji promocyjnej Grande Okazjon Powrót. Zachęciła mnie cena tv LG. Po złożeniu zamówienia zostało anulowane. Powodem był brak pozwolenia na sprzedaż mi osobiście tego tv, wydany przez dział handlowy. Poinformowała mnie o tym pani z infolinii. Dodała też, że klienci przy akcji promocyjnej są selekcjonowani pod katem tego czy mają działalność gospodarczą, czy są już klientami sklepu czy dopiero założyli konto. Dobrze że nie ze względu na koloru oczu i obwodu czaszki. Dlatego ja też będę następnym razem prowadził ostrą selekcję gdy będę robił zakupy przez internet. PS towary nie promocyjne mogłem zakupić normalnie, ale zrezygnowałem z zamówienia po tym jak zostałem w ten sposób potraktowany.",766.0,-1
Towar zgodny z ofertą. Szybki transport. Polecam.,49.0,1
"Szybka realizacja, bezproblemowe poruszanie się po sklepie i proces składania zamówień",86.0,1
"Rzetelna firma, pomimo błędu potrafiła pozytywnie doprowadzić transakcję do końca",81.0,1
"Bardzo sprawna, szybka dostawa. Towar zgodny z opisem.",54.0,1
Sklep godny zaufania. Transakcja przebiegła sprawnie.,53.0,1
Edmund Klich  Rosjanie uznali lot z  10 kwietnia operował jako cywilny,,-1
Straszny to był widok jak  Żyd prowadził na,,-1
Cześć. Mam na imię Maciek mam 15 lat..... Jestem biseksualistą. Może to sie niektórym wyda dziwne ale mój pierwszy raz chciałbym spędzić z mężczyzną. Jestem z Tarnowa. Panów z Tarnowa lub okolic zapraszam do rozmowy ze mną narazie tylko e-mail mr_focus00@op.pl nie prosze zadnych starych pedofilów :/ Będę rozmawial tylko z młodymi gejami albo biseksualistami pa .Cześć mam 15 lat jestem z Tarnowa napisz do mnie na gg 7149816,,-1
brawo te transfery to krzyk rozpaczy pek. misiek roman ludwik grzechu brawo!,,-1
skoro jarosław gowin to skrajny liberał to kim są ludzie z  i  ?,,-1
barbara dolniak wicemarszałkiem sejmu  …   ,,-1
obrady to sprawa demokracji w sadzie nie ma demokracji jest za to prawo.,,-1
ach ta manipulacja kolorem...smutny cz-b kaczyński i pogodny kolorowy petru. no palce lizać! szkoda że sondaż trefny..,,-1
imigranci są jak woda na młyn waszego poparcia. oby tak dalej :),,-1
znając taśmy  kulczyk widać że macherzy 3rp nie boją się  oni boją się ,,-1
"przemysław  o lisie: ""śpiewanie sto lat tuskowi w studio to symbol""  ",,-1
cholera przeciez polska wg  to mordor wszystko w ruinie zepsute rozwalone. suprajsss:)   …,,-1
j. kaczyński: mamy prawo bronić naszej suwerenności. …    ,,-1
83 przyjdzie czas i na ciebie ze sie nawrocisz,,-1
czegoś nie rozumiem.  mianowała do spółek na lata dobrze  chce efektów źle... to jak żyć? ,,-1
dałoby radę jeszcze jakąś ustawę klepnąć w kończącym sie roku. noc jeszcze młoda ,,-1
ale po co? na te wasze ostatnie 2 miesiące rządzenia?,,-1
przecież nie ma żadnych zasiłków dla matek więc nawet nie ma co wykreślać platformo obesrana.,,-1
ach te twarde dyski wszystko pamiętają :)       ,,-1
jesteś mięka faja nawet twoja była to przyznała :))) ,,-1
ja się oburzylem. ale na głupotę  i reszty intelektualnych gigantów i ludzi “uczciwych“…  …,,-1
"jezu zrozumcie ich, telewizja, tysiac osob ogladajacych ten program, no halo przeciez wiadome jest ze w takich momentach wystepuje stres zastanowcie sie zanim cos napiszecie  polowa z was pewnie by sie nawet nie odwazyla tam wyjsc",,-1
Nie zapominajmy słów Deynn  Zmieniłam się diametralnieJedno jest pewne  nie zmieniłam się wcale ,,-1
Policjanka zawieszona Śmieszne Wyrzucić z policji Ten policjant powinien ten babci za karę codziennie nosić zakupy do domu 
 chcieliśmy wyróżnić najważniejsze momenty nagrania z monitoringu
wykopac ciapactwo z kraju nie sa usiebie i z tym trzeba walczyc sa wa polsce i maja byc na naszych warunkach jak sie nie podoba to do piachu,,-1
"Biblia nie jest księgą naukową i historycznym zapisem faktów Cel i sens Biblii nie polega na
IT s prank bro",,-1
Karpa    Fajne te glonojady,,-1
Kom  20 zł
"11 mln, masti pewnie już pływa w hajsie",,-1
Kto po raz kolejny przyszedł poczytać kometarze daje lajka XD,,-1
"Tak, tak, nadal czytacie komentarze   ʖ ",,-1
Czy mi tylko jest niedobrze,,-1
Kto ukoić uszy po czuuxie _,,-1
kocham to piosenke 3,,-1
3 stanie w przysznicu i plókanie sobie oczu",,-1
"Dajcie na luz, to tylko FUN ",,-1
"mięsny jeż,, mięsny jeż ty go zjesz, ty go zjesz",,-1
Tego nie da sie naprawić ludzie uciekajcie z polski xd,,-1
rozjebana osoba to wymyslila,,-1
a sowy to podobno znak mondrości  NIE   ʖ ,,-1
I że niby co tu jest lipą,,-1
"Teraz już wiadomo czemu Magik popełnił samobójstwo Miał wizję, a w niej to coś",,-1
ta biedna sowa Myślała że będzie sławną a po usłyszeniu 1 raz ten piosenki dostałA raka ucha a po nagraniach zdechł,,-1
Wpadłem poczytać komentarze V,,-1
Pokaż, pokaż sowę mi 4x

Co wy do niej macie przecierz każdy facety ogląda porno to to jest coś dla was,,-1
Idź pan w chuj koniec internetu jest mroczny ,,-1
"Jak niemożliwe przecież po tym chłopak na pewno cię     rzuci 
Internet Ci tego nigdy nie wybaczy,,-1
już to widze jak sexmasterka ma dzieci i ją znajdą na you tube,,-1
omg 387tys dyslajkow,,-1
Danie dupy D",,-1
wyślemy ją kiedyś na Marsa,,-1
prosze wypisać ją z listy ministrantów,,-1
Na dole konewka
A myślałem że to ja jestem Januszem,,-1
Takiego gówna to jeszcze nie widziałem,,-1
By Tobie pokazała sowę
Już mam to cały na pamięć chociaż mam 12 lat,,-1
a mogłem zostać na antarktydzie,,-1
Ty nie zasługujesz na ciastka,,-1
masz tydzień na opuszczenie kraju,,-1
"Parapaparapa Nara, nara",,-1
JAK WYŁĄCZYĆ CAPSLOCKA,,-1
niech to będzie pierwszy i ostatni teledysk sexmasterki albo niech to yt usunie ,,-1
Dla tego jaram zioło żeby zapomnieć o takich rzeczach,,-1
ja pierdole czemu ja się urodziłem,,-1
poco mój dziadek walczył w powstaniu,,-1
fajne bo można się pośmiać,,-1
Zagraj w niebieskiego wieloryba,,-1
czy ta piosenka to totalne dno i chujnia z patola w jednym 
Batmanie błagam wypuść mnie a obiecuje znajde ją i przyprowadze do celi więziennej,,-1
"163 tys w dół i 38 tys w górę  
To będzie bobowa trasa koncertowa będzie o niej głośno ,,-1
"jezus maria, biedna płomykówka _",,-1
Czemu komentarze usuwasz,,-1
TEN KLIP SMAKUJE JAK GÓWNO Besos,,-1
czy tylko ja po tym filmie nie mam ochoty ogladac cokolwiek na yt,,-1
"teraz żałuję, że to Marzence rozpierdoliłem ręke",,-1
Nawet ja nie jestem takim plastikiem,,-1
"Wiem że źle zrobiłem stając na to krzesło Ale chce tylko żeby ,,on,, przestał stawać gdy tylko włącze moją ukochaną piosenke POKA POKA SOWE",,-1
"Zmiana kierunku, wystrzelić rakiety",,-1
Jestem za eutanazją i ponownym podbiciem Polski,,-1
"o Boże widzisz i nie grzmisz  ładna jest, to niestety muszę przyznać ale do puki sie nie odezwie zaśpiewa, a ten teledysk wykonanie i ogólnie całość to dno i wodorosty O",,-1
Chyba umarłam w środku,,-1
Sorry Aniela, bardzo Cię lubię, jesteś mega pozytywną kobieta z dużym dystansem do siebie Ale sie zawiodłam 
żeby było w Polsce lepiej to trzeba kurwa samemu kurwa podnosić papierki kurwa z chodnika,,-1
Z tym krajem jest coraz gorzej ,,-1
zamiast zareagować poważniej to nagrywa,,-1
ale Donald tramp to jest za pszeproszeniem Hj,,-1
Powinna tego starego obrzydliwego dziada zostawić w pizduWspółczuje jej,,-1
najnowszy najlepszy film ,,-1
Jak widać po latach Kaczyński co do Merkel wcale się nie pomylił,,-1
Jestes  nikim zawsze W pierdla dostaiesz poz a pl,,-1
"Modle sie abyscie ludzie odzyskali glowe i rozwiazali ten wstretny problem pokojowo ale niestety widze ze cala Polska zamienia sie w kraj rasistow i faszystow tych imigrantow rzadania dziecinne  zgadza sie Lepiej aby ich tam nie bylo tez sie zgadza , muslim  bardzo zla religiaitd, itp   Ale to wstyd aby innych nazywac bydlem i jedno drugiego pobudzalo do gwaltu i nagle pieknie mowilo o Hitlerze i Stalinie  Czy juz madrych i tych rozwaznych juz w Polsce nie ma",,-1
Р Шухевич родився 30 червня 1907
Chłopak mimo tego co o nim mówią wygłada na sympatycznego człowiekaGrupa rodziców natomiast jest  jakaś grupa która nad wszystkim rządzi i znęca oraz grozi rodzinie tego chłopca",,-1
Kurwa jakie to marne,,-1
Sexmasterka bije was na głowe ,,-1
ale się ludzie ekscytujecie,,-1
Czy wy sie bawicie w sexmasterke,,-1
Najlepsza 34 sec Cycki,,-1
"Gdyby wbić w te glonojady igłe i je przedziurawić jak balon, nic by z nich nie zostało cały silikon z którego są zrobione by wypłynął D",,-1
Putin
Ktoś zadzwonił do tego Mariusza w sprawie koncertów D,,-1
Tutaj nawet konstruktywnej krytiki nie da się napisać no nie da Inni teraz będą nas z tym kojarzyć jebane glonojady,,-1
"Zgłaszajcie nadużycie  nagość w 034 oraz 257
KOCHAM WAS DZIEWCZYNY ,,-1
Proszę nie aż mi oczy wypaliło a uszy zwiędły,,-1
Do czego świat zmierza,,-1

Pierwszy raz na czas ,,-1
"Włosy matce zajebałeś z głowy  Bedziesz ruchana w dupe dziewczynko, bałaganie jebany",,-1
"Powoli się budzi
"no cóż, kurwa każdy głupi wie, że padaczki się nie da zahamować, jedyne co można zrobić to zabezpieczyć głowę, żeby nie uderzył w nic ale nei ten cwel dociska do ziemi nie wiadomo po co",,-1
"wpisać na YT bandyci z Izraela obrażają Jezusa Chrystusa i zobaczycie jak media żydowskie pokazują w programie dziecięcym ukrzyżowanie Jezusa Chrystusa dziecko przybija do krzyża małpkę i mówi do niej jesteś Jezusie nazistąa potem tłucze te małpkę Jezusa  młotkiem w głowę, aż małpka Jezus umiera w męczarniachkrzycząc w niebo głosy takiego skurwysyństwa nie ma na całej kuli ziemskiej jakie propaguje się w Izraelu,,,to mowa nienawiści , najplugawsza z najplugawszych",,-1
skurwysyna bym podpalil w klatce smierc takim ludziom,,-1
"Zapomniałeś o Sławomir Walecki  Salomon Walstein, agent Mosadu na youtubie",,-1
Co to za śmieszny laluś w tym pedałkowatym sweterku czy jak to nazwaćPodskakuje jak mały ratleremŚmieszny krasnal,,-1
"Pojechał by na weekendowe ćwiczenia Nejmników Macierewicza, to jest duża szansa że karawanem by wracał Po takim np wyciąganiu rannego z pola walki, oczywiście za pomocą czolgania",,-1
JAK JA BYM IM WYJEBAL TAK ŻE CHJ mu SPADŁ A POTEM WZIĄŁ TRAKTOR I GO TAK PRZEWOŹIŁ CWELA JEBANEGO ONI POWINNI DOSTAĆ 5 LAT POZBAWIENIA WOLNOŚCI A NIE 5 LAT ZABRONIENIA TRZYMANIA ZWIERZĄT W DOMACH,,-1
Czy jeśli to że jestem osobą płci męskiej i zakręcila mi się łezka w oku od historii i zdjęć to jestem jakiś dziwny,,-1
"dobrze powiedziałeś pierdlone pjeby 
Biedak zaraz znajdę sprawców i ich zajebie,,-1
Ciesze się że wszystko dobrze z nim ale jeszcze z nlaleść tego gościa i wszadzić go do pudła ale serio cooo się dzieje z tymi ludzmi nosz kurde,,-1
Kurwa co z tym jebanym światem,,-1
KURWAAAA JA PIERDOLE NIECH ZGINĄ TE KURWY,,-1
"12 miesięcy to kpina a nie karaCieszę się, że ten człowiek zareagował i pomógł biedakowi",,-1
"Uchlać, podpalić je, polamac im wszystko i do Aushwitz Ale to i tak za mało  Jeny biedny pieseeek ",,-1
kara nie jest wystarczająca,,-1
debile kto to zrobił nie ma duszy ani ziarnka godności powinni sami sobie tak zrobić,,-1
Powinni dostać dorzywocie,,-1
"Klasycznie, wszystko robią dziewczyny
"Jak można być takim zwyrolem, ja pierdole",,-1
Suki dziwki wzioł bym te suki tych nastolatków powiesił za ręce od tyłu żeby się płakały i pobawiłbym się w żucabie nożami a potem młotkami a potem zapalić ryj tym kurwą,,-1
150k i koniec kropka 100 lat nie mogą  mieć zwierząt i tyle ja im dam,,-1
Kurwa jak to słysze to kurwa napierdalam z nerwów w podłoge bo nie moge wytrzymacDawac kurwa ich adres i zara z ekipą ich kurwa zajebiemy i wjebiemy ich na ognisko kurwa i przywiazemy ich do drzewa i bedziemy napierdalac w nich z wiatrowki  dawaj like jak chcesz,,-1
"Powinno byc zakaz posiadania zwierzat do konca zycia, 24 miesiace prac spolecznych, 20000 zl od kazdego przyjeba i kilka kopow na morde zeby wiedzieli co czul ten pies",,-1
Kolejny raz kurde kiedy to sie skonczy,,-1


to jest kurwa policja i straż miejska jp,,-1
"Ok jadę do Ameryki po broń, trzeba się jakoś bronić",,-1
Jakos brak przekonania w słowach oswiecinskiego Sam w to nie wierzy co mówi Co do psychy to Popek na pewno ma lepszą i to tez widac w tym filmie,,-1
Xd oświęcimski mówi że wszyscy mówią Popkowi ze jest dobry z grona sportowców  a kto jemu powie tak jakiś aktor XD,,-1
"Tam go dojadą
lipa nie slychac strzalow,,-1
Pedofili do kamieniołomów i raz na dzień wodę z chlebem ,,-1
Oho widze że juz prawie 300 pedofili dało łapke w dół ,,-1
Ja chcę nawijać jak ty, przecież sam mówiłeś że kseruję Rycha
Sliwa coraz więcej śubów D,,-1
"Swirki nie mialem zadnej uff, wtedy jeszcze chyba tombik odpowiadal za wysylki, ale na szczescie zaznaczylem platność przy odbiorze xd",,-1
Moim zdaniem największy wygrany tego całego zamieszania,,-1
Jebać tych wiejskich cweli,,-1
Deynn to tępy worek na sperme nie mylić z kobietą,,-1
"Omawianie dramy ludzi których nie znam Polecam film Gonciarza rozstanie odnośnie takich epar Z całego materiału zrozumiałem tylko tyle, że jakaś patologia przygarnęła dziecko i je krzywdzi Takie sytuacje mają miejsce codziennie więc nie widzę powodu dla omawiania akurat tej patologii gwiazd",,-1
Wiecie co wyglądacie jakbyście przeszły operacje zmiany plciBylyscie kiedyś facetami czy co,,-1
no a wy kurwa narzekaliście na seksmasterke a ona o niebo ładniejsza od tych mutantów z czarnobyla,,-1
"Rewelacja, jestem wstrząśnięty ",,-1

"Ja uważam, że nie śpiewają najgorzej ale wiedzą to, że fałszują, a puszczają to do netu  Potem narzekają na hejty, a przecież wiedziały, że takie polecą Na prawdę nie śpiewają najgorzej, ale po co to puszczać do internetu  Nie rozumiem tego Jakby na prawdę miały talent, to rozumiem  Lub jakby były to jakieś challenge ze śpiewaniem",,-1
XDDDDD",,-1
"Aha Najpierw za przeproszeniem NAPIERDA niewinnego człowieka, a potem Jak się czujesz, Zawieź cię do ZOZu
skurwysyny na stos z kurwami,,-1
Jest i kula heh ja pierdole elita,,-1
This is Polish Hip Hop  ,,-1
"Nie wierze, nie wpuścić nikogo",,-1
jesteś bystry jak woda w kiblu,,-1
Lapka w gore kto by go powiesił tego skurwysyna,,-1
oby jednak ktos go znalazł przed policja,,-1
Cuux lepszy on nie jest z plastiku,,-1

Teraz ta koleda bedzie mi sie kojarzyć tylko z Nimi i wyciem ",,-1
"taka ładna piosenka a tak zmasakrowana,dobrze ze kolęd  nie spiewaly",,-1
Ta w  srebrnej sukience psujeee,,-1
I co można wziąć się za łapanie niebezpiecznych osób zamiast wlepiac mandaty za złe parkowanietylko nie może wam się tak długo przy tym schodzić bo jest dużo roboty,,-1
Nie rozumiem takich głupich osób,,-1
"Dzieci bawią sie w gangsterke heh, gdyby sie zainteresował nimi ktoś poważniejszy to by sie obsrały i sie pogodziły _ no cóż będą miały nauczke",,-1
"czy MARIHUANA jest  z Konopi  
hahahahhahahaahhahahaah,,-1
Kazdy len ktoremu nie chce sie co nieco poczytac uwaza ze sa jacys obcy co chca go zniszczyc Tak powstaja teorie spiskowe 

W pogoni za rozumem,,-1
kiedy Ci politycznie poprawni kretyni się obudzą",,-1

"Od 409 aż łzy mi poleciały Wykończyli faceta psychicznie Dlaczego nie nęka się tak prawdziwych złodzieji  bo złodziej ma większe prawa niż szary obywatel Pozdrawiam Panów policjantów, którym na tacy dałem 3 włamywaczy Włamanie do domu okazało się tylko wykroczeniem Wykrywalnośc oczywiście poszła w górę, a i budżet pańśtwa został zasilony 50 złotówkowym mandatem Mówi się, że mamy złe przepisy  chuja prawda  mamy złe myślenie i brak umiejętności podjęcia rozsądnych, męskich decyzji",,-1
"Moje zdanie jest takie, że ci którzy nie dostali się do policji poszli do SM i udają wielkich Rambo, a w rzeczywistości są niedoszkolonymi pseudoochroniarzami Ktoś miał rację mówiąc, że jak szyby w samochodach wybijają to panowie strażnicy uciekają, ale jak babcia handluje pietruszką z koszyczka to są zwarci i gotowi Powinni zlikwidować to g, a pieniądze przeznaczyć na policję",,-1
Jakoś mi ich nie szkoda,,-1
"Najpierw skakał, a potem dostał w dziurę Cwaniak",,-1
po 2 Wy wszyscy chyba zapomnieliscie w jakim My kraju zyjemy to Jest POlska, tym kurwa ujdzie to płazem  nie jeden juz sie tak odgrazal i jak to sie konczylo  naganą, upomnieniem, badz wloczeniem sie po sadach latami z czego pozniej wyrok prawomocny byl taki ze sa zawieszeni w wykonywanym zawodzi  ale takie bylo juz jest  bylo na emeryturze 
Wisła Kraków Hooligan ACAB,,-1
Kogo to obchodzi Chłopaki macie bogaty merytorycznie kanał dotyczący tematu budowania sylwetki etc a teraz wchodzę i widzę takie gowno,,-1
owca meta wpierdala albo teściapuchnie kurwa z ryja wstrętne  zaraz forma będzie testosteron pójdzie i gitara,,-1
Ja chciałbym żeby z tymi nastolatkami zrobili tak samo,,-1
